,hotel_name,review_one_sentence
0,호텔 호텔 알레그리아 서귀포,위치 적당하다 가성 진짜 프론트 직원 피드백 늦다 크다 불편 위치 수영장 코로나 때문 닫다 위치 시장 가깝다 저렴하다 가격 서귀포 올레 시장 가깝다 위치 주차 편리하다 칫솔 치약 미제 객실 크기 가성 욕실 바닥 미끄럽다 친절하다 청소 가성 위치 직원 친절 적극성 부족 느낌 자다 안듬 위생 책임감 문제해결 의지 적다
1,호텔 퍼스트70 호텔,가성 최고봉 가격 대비 최상 퀄리팁니 업그레이드 주심 개쩜 위치 위치 시설 정말 직원 친절하다 카펫 바닥 청소 보이다 침구 상태 청결하다 옥상정원 룸내 전기포트 일회용품 주다 미리 공지 되어다 침대 전혀 청소 냉장고 작다 레시 걸다 분도 걸리다 조식 간단하다 마음 들다 저렴하다 넓다 침대 낡다 느낌 들다 화장실 수구 냄새 나다 맛있다 음식 채우다 주다 위치 크기 대부분 가성 뛰어나다 욕실 비리다 나다 첫날 퍼스트 지내다 깔끔하다 방도 크다 가격 저렴하다 훨신 거기 가격 비싸다 방도 작고 퍼스트 짱욤 서귀포 레시 이중섭 거리 인접 위치 만족하다 조식 신청 평가 어렵다 객실 침구 청소 상태 편입 가성 만족 로비 쉬다 소파 부족하다 분위기 어수선하다 복도 습하다 느끼다 박이상 제공 세탁실 관리 제대로 되어다 사용 어렵다 레시 위치 가깝다 시내 편리하다 객실 깨끗하다 가격 대비 지하 편의점 편리하다 주차공간 좁다 욕조 넘다 청결하다 친절하다 만족스럽다 바다 보이다 예약 바다 거리 만족하다 돌아오다 칫솔 치약 챙기다 나머지 분위기 바다 조명 어둡다 기약 미리 뿌리다 달래다 뿌리다 정말 감사하다 커피포트 천원 패밀리 사용 쉬다 저렴하다 호캉스 하늘정원 바라보다 풍경 엘리베이터 대기 걱정 덜다 화장실 노후 되어다 느낌 들다 화장실 용변 변기 앉다 유리 문과 부딪히다 위치 가족 단위 고객 오다 안전 사고 의심 잠그다 장치 마련 거나 스펀지 시설 보완 커피포트 사용 소식 프런트 체크 인하다 들다 사전 미리 말씀 해주다 시장 가깝다 주차장 넓다 면도 구가 방도 크다 침구 깨끗하다 간단하다 하루 묵다 주차장 시설 충분하다 넓다 추천 청결 상태 나름 괜찮다 욕실 욕조 더럽다 위치 가성 화장실 노후 위치 방도 크다 바다 보이 직원 친절하다 의자 낡다 간접 어둡다 서귀포 시내 위치 이동 도보 인근 관광지 걸어가다 시설 깨끗하다 편안하다 쉬다 욕조 샤워 커튼 정도 물이 튀어 불편하다 아침식사 간단하다 먹기 식당 직원 프론트 직원 친절하다 하늘 공원 특별하다 별로 조명 약하다 음식 먹기 불편하다 깨끗하다 샤워 시설 불편하다 막다 바닥 물이 튀다 가성 서귀포 간다 이용 청결하다 위치 시장 가깝다 하늘 정원 마지막 만족 쓰다 습관 충족 가성 설치 해주다 비데 비데 숙박업소 수준 기억 고프다 마음 결정 어제 다녀오다 월달 예약 두다 비데 설치 감사 깨끗하다 위치 조식 숙소 골목 주변 환경 단란주점 장점 많다 서귀포 레시 가깝다 걸다 이동 가능하다 객실 크기 넓다 펴다 욕실 기본 욕조 주차장 넓다 주차 편리하다 위치 자체 굉장하다 옛날 모텔 나가다 무섭다 전체 객실 어둡다 화장 불편하다 위치 편의점 상품 많다 위치 가격 대비 시설 욕실 침구 먼지 숙소 위치 편의 시설 침대 안좋다 불편하다 가성 올레 시장 가깝다 체크 들어가다 덥다 에어컨 파워 냉방 안되다 위치 주변 식당 많다 관광지 가깝다 지리 위치 서귀포 메인 시장 주변 유흥 많다 올레 시장 도보 가능하다 야식 사오다 먹기 가성 널찍하다 청결하다 박하다 자다 치우다 주위 유흥업소 최대 단점 올레 시장 근처 주위 단란주점 많다 당황 가성 정말 방음 가성 이정 금액 만족하다 깔끔하다 걸다 주변 맛집 애용 늦다 체크 인하 주차 힘드다 김밥 신호 횡단보도 건너다 레시 아주 가깝다 찾아가다 쉬다 시스터 필드 유명 빵집 멀다 차량 이용 아침 바다 보이다 변기 샤워 세면실 방도 침대 유리 알다 중간 중간 청결 도도 만족하다 담날 나가다 돌아오다 정리 해주다 버리다 버리다 안되다 막히다 자다 치우다 덥다 청소 해주다 불다 감사하다 화장실 깨끗하다 냄새 나다 열차 화장실 냄새 그거 말다 가성 만족하다 위치 찾아가다 편하다 시장 가깝다 보기 편하다 이용 의향 벽지 객실 내부 만족하다 가장 부분 조식 먹다 식당 인테리어 안되다 아침 조식 깔끔하다 자다 나오다 이중섭 거리 올레 시장 도보 거리 가성 자고 갑자기 전화기 데스크 전화 서다 들어오다 불쾌하다 인지 설명 들어오다 확인 나가다 갑자기 울리다 전화기 소리 엄마 잠도 주무시다 조식 맛있다 가다 싶다 칫솔 치약 알다 근처 시장 저녁 가족 나가다 먹다 기념품 사고 재밌다 조식 생각 괜찮다 자다 먹다 먼지 많다 이기다 비교 깨끗하다 편하다 하루 자고 오다 가족 위로 사람 많다 방이 좁다 먼지 많다 하루 자고 오기 나쁘다 주차장 편리하다 편의점 편하다 이중섭 거리 레시 멀다 에어컨 자주 꺼지다 위치 올레 시장 김밥 가깝다 마루 바닥 깔끔하다 편의점 편리하다 욕실 깨끗하다 넓다 자체 벌레 많다 건지다 에프 킬러 방충 닫다 달라 적히다 손님 자다 지키다 건지다 에프킬라 뿌리 자다 뜨겁다 틀다 수압 낮다 위치 이중섭 거리 버스정류장 걸다 정도 괜찮다 시설 나쁘다 직원 친절하다 신청 박후 카드 객실 리지 프론트 등록 대요 체적 객실 넓다 아침 따뜻하다 커피 마시다 편의점 서두 커피 찾다 위치 가성 화장실 샤워 커튼 샤워 물이 욕조 타고 바닥 흘러내리다 바닥 젖다 만족하다 하루 숙박 직원 상당하다 친절하다 서귀포 위치 주변 식당 많다 유지 보수 청결 부분 신경 써다 로케이션 깨끗 침구 깨끗 위치 정말 아빠 온돌룸 숙박 원하다 찾다 위치 래시 결정 결과 만족하다 숙소 이불 깨끗하다 정돈 되어다 건물 자체 지은지 더욱 기분 숙박 온돌룸 묵다 창문 열리다 문의 온돌룸 창문 열다 되어다 직원 그렇다 열다 창문 방법 직원 제대로 설명 해주다 이해 불가 굳이 따다 친절하다 로비 편의점 바깥 시끄럽다 위치 깨끗 마루 바닥 샤워 욕조 바깥 물이 떨어지다 바닥 젖다 불편하다 샤워 커튼 설치 도움 욕실 청소 상태 래시 가까이 내부 깨끗하다 업그레이드 해주시 매일 청소 해주시 생수 매일 추가 주다 전기포트 컵라면 먹기 힘들엇어 레시 가깝다 위치 깔끔하다 직원 친절하다 층간소음 거리 소리 들리다 직원 말씀드리다 친절하다 대처 해주다 주차공간 부족하다 아침식사 다양하다 도보 가보다 많다 싱글 침대 사이즈 적다 침대 매트 꿀렁거림 숙면 곤란하다 식사 별로 거격 대비 조정 불가 샤워 시설 불편 금액 대비 시설 깔끔하다 면도 구가 가성 주차장 넓다 위치 위치 깨끗하다 시설 물들다 컨디션 체크 인전 요청 사항 서다 최대한 신경 써주다 모습 인상 프론트 편의점 운영 캐리어 펼치다 이동 상관없다 정도 방이 넓다 콘센트 많다 직원 친절 언덕 베다 도보 힘들다 어메니티 조식 나름 괜찮다 숙소 가성 아쉬움 직원 친절하다 카운터 청소 욕실 넓다 트렁크 놓다 공간 조식 훌륭하다 채널 시계 레시 가깝다 걸다 분도 걸리다 바닥 마루 바닥 화장실 넓다 공간 넓다 가성 저렴하다 욕조 가성 그렇다 청결 처음 입실 묵다 사람 음식 냉장고 남다 모기 잡다 모기 짜다 붙다 직원 피드백 전화하다 피드백 드리다 깔끔하다 완전 깔끔하다 가격 주변 유흥가 여자 묵다 무리 생각 가성 조식 간단하다 청결하다 맛있다 찾다 의향 잠자리 편안하다 넓다 프론트 여직원 분과 직원 친절 요청 사항 고려 해달라다 잊다 배려 주다 감사 아침식사 카운터 직원 친절하다 안되다 대리 수령 부탁드리다 해주다 정말 감사하다 청소 해주다 분도 깔끔하다 해주시 정리 자다 해주다 주차장 자리 충분하다 가격 대비 흡족하다 머무르다 가다 카운터 이야기 하니 친절하다 바꾸다 주다 첫날 카드 문제 한번 대고 열리다 태그 사실 작다 부분 크게 신경 쓰이다 조식 괜찮다 오히려 비싸다 기만 조식 저렴하다 먹다 조식 참으로 감사하다 저녁 계시다 프론트 직원 진짜 친절하다 물어보다 부탁 드리다 친절하다 응대 자다 해주다 추천 해주다 식당 가성 맛있다 덕분 기분 여행 돼다 인사 드리다 오다 감사하다 방도 크다 예쁘다 부모님 모시 깜짝 파티 침대 넓다 부모님 좋아하다 욕실 넓다 편하다 안주 먹다 부족하다 사오다 필요하다 편하다 먹다 죽이다 맛있다 미역국 짜다 주관 견해 식사 갈다 용의 에어컨 생각 선풍기 전체 시원하다 지다 지금 시스템 시원하다 걸리다 레시 가깝다 직원 친절하다 가성 비갑 방문 사다 무인 편의점 저녁 맥주 사다
2,호텔 제주 라온호텔 앤 리조트,넓다 정말 꿀잠 자다 화장실 닫다 치다 위치 가격 합리 객실 깨끗하다 코로나 시설 이용 전화 공사 편의 불편하다 부분 넓다 깨끗하다 편하다 자다 쉬다 하루 지내다 깨끗하다 조용하다 편안하다 조식 부실하다 식다 어떻다 깨끗하다 넓다 직하다 골프장 리조트 주변 공기 맑다 코로나 때문 후론트직원 친절하다 경계 체크 요청 이름 묻다 건너편 쇼파 앉다 기다리다 별로 기분 조식 별로 숙소 조용하다 안락하다 특별하다 방음 자다 조용하다 침대 편안하다 금액 대비 객실 컨디션 편하다 잘쉬엇습니 금액 대비 조식 완전 근처 해장국 먹다 생각 들다 메뉴 위생 상태 실망 스럽다 잠자리 편안하다 휘드리스 이용 해봤다 모르다 일회용품 사용 미리 애기 위치 규모 가성 욕실 팡잉 청결 위치 정말 해수욕장 체크 찾기 힘들다 위치 생수 부족하다 개인 취향 정수기 쪼금 쉬다 깔끔하다 가격 대비 괜찮다 편의점 조식 조용하다 깔끔하다 히터 고장 불편하다 직원 바꾸다 나다 깨끗하다 관리 자다 느낌 객실 깨끗하다 전망 곰팡이 냄새 나다 환기 퀄리티 비다 부킹 숙박 아주 저렴하다 품격 직원 친절 서비스 청결 가성 친절하다 자전거 가야 프론트 찾기 아려 웠음 골프장 잔디 넓다 깔다 수영장 사진 다르다 수영모 철저하다 써다 할머니 할아버지 쓰다 아쿠아 풀다 위치 가격 응대 카페트 말로 말로 더럽다 전체 대적 개선 규모 위치 비다 청결 관리 한림 가깝다 찾다 편의점 잇다 편하다 침실 유리 분리 욕실 블라인드 치다 많다 신경 쓰이다 깨끗하다 깨끗하다 깔끔하다 주차장 밝다 리조트 위치 안쪽 건물 전체 두운 느끼다 자연 스포츠 센터 카펫 더럽다 숙소 크다 해외 느낌 청소 분도 친절하다 직원 친절하다 내부시 설다 이불 먼지 부분 개선 비양도 한눈 들어오다 멋지다 방음 방이 여유롭다 넓다 청결하다 편안하다 외출 돌아오다 정리 해주다 기분 넉넉하다 넣다 깔끔하다 정리 해주다 자다 쉬다 오다 화장실 유리 되어다 블라인드 치다 정도 변기 노골 민망하다 넓다 깨끗하다 화장실 샤워실 만족스럽다 정도 애교 시끄럽다 오전 골프장 이용 사용 에어건 소리 들다 깔다 끄다 청결 멋지다 커버 가격 대비 청결하다 내부 사우나 편의점 이용 편하다 와이파이 자다 잡히다 가성 전화기 고장 청결 유료 사용 시설 오션 완전 만족하다 사우나 쫗았습니 조식 묵다 멀리 보이다 바다 골프 치다 라운드 보이 아침 상쾌하다 일찍 일어나다 열다 만끽 편의점 급하다 필요하다 구비 넓다 깔끔하다 따뜻하다 잘나오다 근처 저녁 먹다 편의점 정말 다행 늦다 체크 먹다 가다 챙기다 기본 서비스 안되다 방이 크기 넘어지다 예약 겁니다 프론트 직원 보가 청소 직원 친절하다 인테리어 세탁 서비스 구내 편의점 근처 맛있다 식당 찾다 협재해수욕장 막히다 차로 거리 고요 시설 용감 청소 상태 만족스럽다 방도 넓다 깨끗하다 가성 치약 주차 편리 조식 부실 음식 오래되다 부킹 원하다 업무 자다 이루어지다 관계 숙박 옵션 사항 정확하다 전달 카운터 예약 자의 내용 정확하다 전달 업무 커뮤니케이션 필요하다 카운터 일관 부킹 예약 숙박 부킹 직접 전화하다 문의 하라 답변 들다 딱하다 특별하다 예약 마자 전화 아기 침대 예약 그것 빼다 예약 젖병 스팀 소독기 가습기 준비 되어다 싱글 침대 애기 자다 못자다 욕실 거리 소리 커서 화장실 가기 힘들다 환기 사키 려니 축사 냄새 때문 문도 열다 조명도 어둡다 전등 지다 깜박 거리 조식 진짜 편의점 김밥 컵라면 먹을껄 후회 아쿠아 운지 감기 걸리다 뻔하다 실내 아쿠아 수영장 숙박 수영장 사용 사우 나비 별도 받다 바가지 근처 식당 불편하다 시설 노후하다 잘만 카페트 걷다 내다 위생 작다 거미 기다 소파 에어컨 기능 제대로 안되다 생각 방음 테라스 소리 사람 지나가다 소리 들리다 카펫 바닥 더럽다 교통 이용 힘드다 차갑다 추천 객실 깔다 양탄자 청결 상태 의심 스럽다 정동 와이파이 자다 터지다 이용 침대 트윈 두다 작다 사이즈 무지 불편하다 저렴하다 곳도 더블 싱글 배치 잠자리 편하다 부킹 예약 해당 준비 다르다 얘기 어렵다 바꾸다 청결하다 안락하다 로비 편의점 필요하다 거기 구비 돼다 뚜벅 여행객 접근성 일회용품 지다 양하다 슬리퍼 아침 일찍 나오다 늦다 들어가다 자고 나오다 중요 부분 리조트 자연 나름 괜찮다 직원 친절하다 숙소 이동 거리 가까이 다양하다 관광 곳도 많다 쇼파 오염 물이 사용 잠자리 편하다 위치 협재해수욕장 가깝다 화장실 화장실 치약 화장실 틈새 보이 민망 쓰다 글구 숙소 바닥 러그 재질 청결하다 전반 가격 대비 훌륭하다 숙소 화장실 고장 나다 잠기다 가격 이렇다 묵다 편하다 건조대 조식 종류 추다 부족하다 무난 객실 카드꼽는곳 카드 접촉 불량 전등 조절 아예 안되다 작성 내용
3,호텔 LOTTE City Hotel Jeju,편안하다 느낌 수풀 추다 날씨 이용 가능 접근성 공항 동문 시장 이용 편리하다 바다 가능하다 만족스럽다 현재 제주도 자리다 조식 비싸다 만원 적당하다 생각 객실 업그레이드 마음 들다 제주시 숙소 잡다 다다 무조건 롯데 시티 선택 감탄 나오다 정도 시원하다 멋지다 오션 공항 머물다 내내 황홀하다 객실 일몰 즐기다 정말 조식 먹다 공간 예술 한라산 바다 공항 망하다 음식 괜찮다 종류 다양하다 펴다 가격 비다 다양성 부족하다 느끼다 일몰 시간대 바다 보이다 수풀 보내다 환상 어메니티 충분하다 침구 편안하다 위치 교통 편리하다 메이저 체온 측정 방역 꼼꼼하다 신뢰 가다 직원 정말 정말 친절하다 행복하다 여행 기억 남다 여행 마지막 묵다 체크 인하다 한라산 요청 드리다 직원 향뷰 해주다 묵다 되어다 공항 뻔하다 생각 정도 제주도 가게 마지막 롯데 시티 용하다 전반 청결하다 깔끔하다 직원 친절하다 늦다 단체 묵다 방이 건지다 시끄럽다 화장실 전체 깨끗하다 청결하다 그치다 가성 아주 만족하다 코로나 인하다 입장 시스템 조식 아주 만족하다 허니문 제주 갈다 상황 롯데 시티 제공 허니문 제품 문의 자체 상품 결혼 진심 축하 해주다 직원 따뜻하다 숙박 청결하다 침실 조식 음식 괜찮다 가격 적절하다 딱하다 모르다 굳이 라면 주차 진입 통로 좁다 공항 머물다 깔끔하다 시설 친절하다 직원 편리하다 주차 깨끗하다 조용하다 직원 친절하다 침대 편안하다 자다 조식 메뉴 많다 맛있다 가구 낡다 크다 문제 공항 가깝다 객실 깔끔하다 수풀 수영장 호캉스 즐기다 조식 레스토랑 최근 리뉴얼 되어다 맛있다 쌀국수 맛있다 깨끗하다 시설 공항 근접하다 위치 지하 주차장 안전하다 느낌 조식 부족함 아침식사 싱싱하다 다양하다 샐러드 한식 식사 중식 먹다 석식 가격 대가 여느 뷔페 비싸다 생각 무료 랍스타 나오다 쌀국수 일품 만화 고기 대박 부드럽다 일식 뷔페 리필 안되다 태풍 인하다 물류 조달 부족하다 생기다 감다 나름 만족 수영장 물이 차갑다 생각 다행 태풍 지난 바람 불어 이용 만족 세탁실 빨래 분만 완료 건조기 분만 완료 세탁물 많다 비싸다 생각 정도 천원 태풍 지나가다 신경 쓰다 나름 지도 크다 패밀리 트윈룸 예약 업그레이드 해주다 패밀리 트윈 디럭스 해주다 감사 오후 입실 오후 예약 개중 드리다 찾아보다 찾아보다 가족 여행 도록 하겟씁니 시설 위치 딱하다 부부 여행 더블 싱글 공항 제주시 높다 건물 트이다 전망 코로나 인하다 방문객 체온 측정 대한 관리 철저하다 이뤄지다 안심 되어다 객실 이용 야하다 무분별 관광객 객실 다니다 안심 되어다 자체 프로그램 요가 가깝다 오름 산책 대한 프로그램 참여 기획 생각 크다 야외 온수 어른 이용 세탁 시설 세탁 건조 천원 완비 되어다 기다 휴가 기간 더욱 편리하다 욕실 매니 티나 수건 요청 드리다 여우 준비 주시 체크아웃 연장 요청 모든 직원 친절하다 과함 영역 프로 느낌 받다 공항 가깝다 떠나다 급하다 일정 마무리 장점 제주시 숙박 이용 카페 영업 끝나다 조식 나쁘다 가격 정도 시설 아주 만족스럽다 침구 편하다 숙소 넓다 쾌적하다 카페 뷔페 이외 식사 시내 가성 제일 공항 바다 전망 작다 수영장 만난 직원 친절하다 딱하다 기분 머무르다 깔끔하다 코로나 대응 준비 자다 되어다 보이다 스카이 라운지 식사 직원 친절하다 코로나 때문 이동 불편하다 사실 시설 깨끗하다 편하다 오다 수영장 외부 테라스 커다랗다 바퀴벌레 발견 방역 신경 써주다 부분 제외 정말 조식 메뉴 비빔밥 반잔 마땅하다 쌀국수 받다 오다 가격 대비 정말 만족스럽다 블룸 예약 업글 해주다 수영장 조식 만족스럽다 수영장 생각 크다 신혼여행 묵다 깨끗하다 위치 주차 편하다 방음 살짝 시티 주변 편의점 쉬다 무언 갈다 편하다 엘레베이터 정도 조식 기다림 붐비다 자다 이용 수영장 자쿠 적당하다 깊이 즐기다 감지기 온도 체크 층프론 온도 체크 카페 레스토랑 온도 체크 수영장 온도 체크 안전 생각 주어 마음 편하다 친절하다 직원 공항 가깝다 거리 전망 직원 역시 친절하다 조식 생각 조식 생각 괜찮다 역시 단연 수영장 생각 좁다 나름 만족하다 아침식사 서비스 생각 조식 맛있다 컨티션 전반 느낌 깔다 끄다 제주도 가면 묵고 싶다 딱하다 편의 시설 되어다 가격 대비 전망 시설 수영장 뷔페 우수 이동 편리 청결하다 자다 가다 감사하다 냉장고 시원하다 살짝 가성 굉장하다 괜찮다 가다 정말 깨끗하다 친절하다 위치 롯데 시티 친절 헬스장 기구 위치 공항 아주 가깝다 편하다 가기 가격 비싸다 느낌 만족하다 직원 친절하다 위치 시내 먹거리 즐기다 거리 주위 조식 청결하다 직원 친절하다 면세점 코로나 때문 상태 시티 배정 받다 한라산 통째 보임 유리 써다 개방 가다 넓다 보이다 수풀 물이 따다 춥다 놀수 지하 주차장 넓다 욕실 수압 세다 조식 나오다 공항 라운지 수준 나오다 조식 맛있다 제주시 바다 한눈 펼쳐지다 먹다 수영장 괜찮다 온수 막히다 외벽 더럽다 자다 보이다 프런트 직원 장하다 친절하다 서비스 방이 생각 작다 이불 지저분하다 남다 오션 공항 가깝다 느낌 위치 그렇다 기대하다 방사 이즈 커서 편안하다 침구 특별하다 부켕 예약 룸타입 무료 업그레이드 주심 직원 친절하다 침대 눕다 조명 아래 벽면 비추다 먼지 보이다 질문 조명 조명 밝다 아쉬움 전날 묵다 숙소 침구 꾸다 꾸다 별로 느껴지다 뽀송뽀송하다 복도 얼음 정수기 수영장 생각 작다 이용 욕조 마개 냄새 심하다 계속 막다 두다 직원 친절하다 조식 맛있다 수영장 크다 여행 피로 풀다 서비스 아침식사 위치 감사하다 방도 해주다 기분 멤버십 적립 해주다 노력 모습 굳이 부분 굳이 꼽자 조식 주스 떨어지다 직원 오다 아침 주스 피다 보이다 뭐라다 품격 떨어지다 느끼다 신혼여행 첫날 묵다 숙소 깔끔하다 침대 편안하다 특별하다 직원 친절하다 객실 베개 높다 욕실 욕조 좁다 깔끔하다 수영장 정말 이쁘다 조식 포함 조식 정말 맛있다 자리 일찍이 차지 아침식사 낭만 조식 커피 무척 맛있다 크게 공항 근처 직원 친절하다 수영장 위치 깨끗하다 모든 조식 부실하다 올리다 따뜻하다 한식 가짓수 많다 조식 친절하다 컨디션 수영장 사진 작다 체크 인하다 당시 직원 친철 직원 억양 말투 모르다 손글씨 차다 인상 수영장 바람막이 높이 설치 위험하다 추다 바라다 불다 날다 위험 해보다 적당하다 조식 가능 작다 옵션 변경 직원 아예 소통 불가 조식 적당 한편 공항 가깝다 제주 여행 시내 추천 친절하다 서비스 편의 시설 가깝다 주차장 넓다 편안하다 침구 수영장 얕다 작다 공항 가깝다 시설 깨끗하다 직원 친절하다 조식 맛있다 수영장 수풀 사우나 시설 객실 깨끗하다 오션 진짜 편안함 청결하다 직원 친절하다 일장 셔틀 운영 수영장 체적 모든 한가지 빼다 조식 정말 최악 구성 자체 가격 비다 무척 실망 스럽다 동선 무척 불편하다 운영 시가 음식 늘다 미리 정리 리필 제대로 이루어지다 상당수 고객 불구 풀이 즐겁다 공항 가깝다 근처 맛집 많다 주차 편하다 컨디션 최상 프런트 직원 친절하다 생각 작다 직원 체적 친절하다 건성건성 대답 질문 의무 사항 가면 해변 가가 이쁘다 질문 서쪽 동쪽 가라 직원 성직 원한 계시다 물어보다 미안하다 정도 상세 친절하다 안내 해주다 감사하다 공항 가깝다 청결하다 수영장 수풀 수영 자다 오다 메뉴 청결 종업원 친절하다 일정 관계 인하다 수영장 헬스장 등부 시설 이용 아늑하다 편안하다 분위기 위치 객실 내부 청결하다 들다 비지니스 고객 위주 소음 전혀 흡족하다 시내 중심부 오다 공항 가깝다 업무 보기 양호 미니바 일회용 면도기 아기 침대 대여 부탁드리다 공기청정기 말씀 해주다 대여 돼다 감사하다 친절하다 감사하다 방이 깨끗하다
4,호텔 신라스테이 제주,위치 조식 맛있다 욕조 침대 편안하다 청소 상태 생각 냉장고 성능 별로 먹다 조식 나다 참대 편하다 꿀잠 자다 딱하다 깔끔하다 시설 주차장 입출 좁다 빼다 만족스럽다 남자친구 몇번 이용 만족하다 방문 정도 금액 정도 아늑하다 느끼다 가성 비다 만족스럽다 직원 친절하다 정갈하다 편안하다 조식 메뉴 다양하다 깔끔하다 건강하다 느끼다 보통 아침 푸다 지다 먹다 정도 충분하다 식당 동시 무조건 마스크 착용 직원 단호 단속 들다 자다 지키다 위치 공항 도심 가깝다 만족스럽다 냉장고 작동 사오다 물이 음료 미지근하다 상태 마시다 야하다 자세하다 안보 띄다 부분 미처 청소 부분 체크아웃 아침 청소 해주다 장비 옮기다 크게 치다 깜짝 깨다 옆방 청소 심하다 치다 프론트 전화하다 지나다 조용하다 프론트 주차장 안내 직원 친절하다 인상 받다 반면 미화 해주다 직무 교육 미흡하다 느낌 받다 전체 만족하다 묵다 불편하다 부분 미화 직원 관련 부분 이렇다 부분 고객 경험 최종 불만족 각인 주지 개선 방안 대한 논의 이루어지다 생각 방이 넓다 화장실 냄새 위치 아주 매니 아주 에어컨디셔너 가격 적당하다 위치 그렇다 전반 괜찮다 조식 생각 먹다 가격 생각 나쁘다 공항 가깝다 주차 힘드다 서울 신라 스테이 방이 넓다 만족스럽다 컨디션 신라 스테이 정도 깔끔하다 별다르다 불편하다 코로나 입구 제한 되어다 가성 빼다 가성 안좋다 빼다 모든 공항 가깝다 번화가 위치 되어다 주차공간 협소해 등산 일찍 소하 조식 먹다 청결하다 친절하다 주차장 협소 시내 복판 위치 주변 먹거리 많다 훌륭 쇼핑 가능하다 거리 가깝다 아주 좋았슴 단점 적다 먼지 많다 보이다 화장실 환풍 안되다 포도 깔끔하다 직원 친절하다 딱하다 불편하다 군더더기 깔끔하다 숙소 생각 방음 잘되지 직원 친절하다 조식 만족스럽다 한가지 주차 난이 심하다 빼다 만족하다 주차 해결 깔끔하다 위치 훌륭하다 고급스럽다 시설 친절하다 직원 빠지다 맛있다 조식 가격 대비 고급스럽다 편하다 강추 위치 번화가 주변 풍경 특색 깔다 끄다 세련 밉다 조식 가성 박동 외출 청소 해주다 메이드 성심껏 정리 해주다 감사하다 유아 동행 요청 도착 어떻다 표정 변화 무조건 체크 대답 기계 직원 친절하다 공항 가깝다 접근성 조식 가격 대비 주차공간 부족하다 편안하다 안락하다 자다 잇다 조식 먹다 왓습 감사하다 깨끗 친절 주변 유흥가 소음 숙박 청결 식사 서비스 프론트 직원 안내 친절하다 조식 훌륭하다 만족스럽다 지인 추천 싶다 아주 시내 유흥업소 음악 소리 소음 시끄럽다 역시 꿀잠 베드 그게 가장 늦다 주차 문제 편안하다 자다 오다 직원 친절하다 숙소 가격 대비 아주 만족스럽다 깨끗하다 여행 특성 늦다 놀다 들어가다 주차 주차장 진입 굉장하다 좁다 불편하다 처음 가다 주차장 입구 애매하다 바퀴 돌다 들어가다 표시 두다 공항 가깝다 테이블 먼지 비교 청결하다 방이 좁다 주차공간 부족 들어가다 화장실 냄새 느껴지다 주변 싱가 식당 많다 편리하다 주변 가깝다 산책 방문 안내 안내서 위치 숙소 청결하다 거울 화장실 비누 핸드 시가 청결하다 조식 가격 대비 소소하다 조식 맛있다 조식 깔끔하다 주차장 좁다 불편하다 공항 촤암 스럽다 가깝다 아침 비행기 그렇다 모르다 택시 천원 나오다 제주시 번화가 주변 먹다 술집 괜찮다 카페 많다 가격 비싸다 가성 맞다 딱하다 비싸다 싸다 적당하다 술집 많다 그렇다 시끄럽다 예민하다 신분 유의 잘만 신라 스테이 자체 원래 업무 식사 때문 자다 전국 원래 별로 평가 넘다 박하다 미안하다 직하다 차다 평범하다 그냥 내다 식사 다양하다 회사 먹다 먹다 항상 항상 글구 주차공간 쬐다 끄다 협소해 메다닥 갈다 주차 미니 멀다 느낌 깔끔하다 조명도 어둡다 밝다 요즘 젊다 사람 선호 스타일 맞추다 느낌 아침 조식 생각 음식 종류 많다 주차공간 적다 저녁식사 들어오다 주차장 주차 대란 주차 불구 질서 주차 되어다 불편하다 가격 대비 괜찮다 위치 제주 공항 근처 숙소 깔끔하다 주차장 좁다 깔다 끄다 주차공간 협소 위치 깔끔하다 친절하다 방도 깔다 직원 친절하다 침대 좁다 위치 깨끗 편안하다 침대 방이 작다 비지니스 수준 생각 청결하다 친절하다 쾌적하다 주차장 수가 부족 공항 일반 버스 타고 정거장 십분 가다 방음 안되다 얘기 듣다 신경 쓰이다 비수 기르다 그렇다 옆방 소리 들리다 직원 서비스 차다 조식 가격 대비 괜찮다 별로 커텐 열다 화장실 오래되다 오래되다 흔적 그거 말다 괜찮다 깔끔하다 가성 특별하다 객실 깨끗하다 직원 친절하다 조식 자다 나오다 조식 먹다 위치 위치 깜끔함 대비 비싸다 가격 정도 만족 위치 공항 가다 시내버스 전반 시설 깔끔하다 책상 작다 소파 편리하다 저렴하다 비지니스 방이 편입 방음 자다 안되다 옆방 닫다 소리 느낌 들다 옆방 입실 놓다 거리 소리 들리다 정도 조용하다 화장실 완전하다 닫히다 틈새 생기다 헤어드라이어 파워 약하다 시설 드라이기 약하다 머리 말리다 걸리다 가성 비다 위치 시설 서비스 괜찮다 근처 제주 시내 접근성 방음 자다 안되다 아침 일찍 복도 옆방 소리 들리다 외국인 방음 문제 유독 시끄럽다 자다 모르다 잠자리 조식 만족 잠자리 편하다 라운지 이용 시장 통인 알다 장통 분위기 말리다 직원 제일 만족 시내 가깝다 젓가락 필요하다 준비 되어다 주다 일회용 그렇다 비품 전반 서울 신라 스테이 가보다 제주 객실 크다 전반 들다 내다보다 바다로 나가다 걸리다 위치 제일 만족스럽다 공항 버스 터미널 정도 갈다 이동 편하다 직원 친절하다 로비 들어서다 분위기 컨디션 피곤하다 일정 편하다 쉬다 제주 간다 이용 의사 교통 편하다 아늑하다 딱하다 부분 지역 신라 스테이 이용 제주도 여행 신라 스테이 선택 가족 여행 보통 투숙 경우 간이 침대 이용 경우 많다 더블 배드 싱글 배드 되어다 위치 조식 투숙 할인 받다 굿굿 청결하다 양치 회용 구비 해주다 처음 사용 침구 깔끔하다 만족하다 주차장 복잡하다 복도 방음 안되다 문소리 놀람 조식 뷔페 나오다 음식 정갈하다 마음 들다 쌀국수 오믈렛 직접 만들다 마음 들다 커피 괜찮다 욕조 기도 편하다 공항 가깝다 깔끔하다 친절하다 서비스 모로 가격 대비 주차공간 부족하다 안내 해주다 편하다 이틀 묵다 샤워 가운 슬리퍼 교체 해주다 아침 비즈니스 그렇다 객실 좁다 불편 아침 오케이 청결 오케이 수건 두껍다
5,호텔 코업시티호텔 성산,위치 성산 가깝다 성산일출봉 섭지코지 가깝다 주변 맛집 많다 시끄럽다 화장실 수압 성산 일출봉 거리 가깝다 성산일출봉 도보 내외 주차장 풍족하다 생각 오션 트이다 시야 드라이기 출력 약하다 가성 위치 조식 김치찌개 깻잎 나물 오징어 갈등 맛있다 음식 짜지다 과일 파인애플 신선하다 맛있다 무료 업그레이드 디럭스 트윈 넓다 인테리어 깨끗하다 위치 우도 도항 선착장 성산일출봉 중간 편리하다 이렇다 알다 박하다 박하다 아침 우도 들어가다 오후 나오다 코업 시티 숙박 아침 성산 올라가다 일출 보고 돌아오다 조식 먹다 직원 불친절하다 알다 알다 해주다 물어보다 걸다 친절하다 묻다 기전 눈칫껏 설명 해주다 주변 관광지 가깝다 주차 힘들다 가격 시설 조식 할인 가격 이용 적당하다 생각 조식 가성 괜츈 이불 포근하다 오다 수건 부족하다 도착 모르다 아침 커튼 걷다 등장 성산일출봉 모습 깨끗하다 펴다 치기 공간 넉넉하다 가성 가격 대비 크기 크다 깨끗하다 성산일출봉 정면 보이다 묵다 만원 사이 제주도 가장 들다 숙소 생각 조식 먹다 침대 넓다 배달 음식 나서다 주변 음식점 커버 돼다 가격 대비 아주 위치 대부분 화장실 욕조 타일 청소 성산일출봉 우도 관광 편하다 머무르다 최적 직원 친절하다 즐겁다 여행 보내다 더하다 일출봉 근처 밀집 지역 벗어나다 위치 오히려 차분하다 분위기 머무르다 업그레이드 해주다 넓다 자다 지내다 프론트 직원 친절하다 체크 체크아웃 맡기다 귀찮다 내색 커녕 친절하다 도와주다 컨디션 괜찮다 펴다 성산 머무르다 오다 세면대 화장실 안이 적응 돼다 성산일출봉 보이다 감동 위치 편의점 강추 반신반의 예약 직원 친절하다 후기 그대로 정말 깨끗하다 머물다 내내 자다 가다 위치 방문 의사 주차 애매하다 공간 충분하다 콘센트 약하다 그렇다 드라이기 꽂다 전등 깜박 거리 무섭다 조용하다 아늑하다 화장실 환기 자다 안되다 조용하다 방음 건지다 매너 사람 외부 소리 들어서다 숙면 가성 깔끔하다 추천 드리다 샤워 가운 옷장 시설 부족하다 교통 편리하다 남원 서귀포 쉬다 다니다 주변 음식점 많다 깨끗하다 외관 들다 믿음직하다 숙소 느낌 끄다 외관 객실 작다 깔끔하다 아침 맛있다 글쎄요 가격 모자라다 가성 직원 친절 주변 음식점 가성 나쁘다 성산일출봉 눈앞 걸다 후다닥 다녀오다 일출봉 잠자리 편하다 자다 다니다 화장실 내리다 소리 들리다 소리 별로 위치 가격 조식 가성 떨어지다 성산일출봉 가깝다 가성 깨끗하다 편하다 시설 조용하다 친철 서비스 감사하다 가격 대비 위치 성산일출봉 가기 주변 예쁘다 괜찮다 가운 기본 두다 요청 귀찮다 그냥 성산일출봉 보이 객실 가두다 바다 보이다 겨울 루프 운영 돼다 건물 오래되다 느낌 성산 가기 최적 위치 저녁 카페 가기 위치 위치 친절하다 스텝 가격 객실 크기 빼다 만족하다 객실 크기 금액 생각 감당 따뜻하다 조용하다 선택 안해 되어다 아쉬엇음 친절 조식 시설 깨끗하다 편하다 사용 아침 조식 둘이서 사용 조그만 탁자 두기 적다 세면대 나오다 양치 편하다 샤워실 화장실 유리 일행 불편하다 느끼다 가성 깨끗하다 편의점 편하다 복도 방음 자다 안되다 심하다 청결하다 안락하다 침구 류덕 편안하다 자다 아침 뜨다 창문 열다 보이다 성산일출봉 필요없다 풍경 여행 오다 싶다 지다 믹스 커피 아메리카노 즐기다 많다 준비 해주다 위치 정말 침구 편안하다 조식 부실하다 객실 청결 떨어지다 아침 식사 가격 대비 위치 카운터 체크아웃 아침 여직원 불친절 얼굴 안보 대답 조식 아주 침구 지역 특성 작다 슈퍼 편의점 찾기 힘드다 로비 늦다 영업 편의점 최대 장점 늦다 도책 주차 힘들다 테라스 성산일출봉 보이다 예약 객실 넓다 펴다 아침식사 대체로 만족하다 바다 신청 안락하다 침구 만족하다 바닥 구석 고객 사용 병뚜껑 욕실 오래되다 화장실 불투명 비치다 불편하다 가깝다 거리 바다 깔다 끄다 용품 부재 조식 포함 가성 친절하다 직원 성산 일출봉 일출 가기 딱좋다 위치 방음 자다 안되다 얘기 듣다 걱정 방음 돼다 전망 침대 안락하다 가성 가시다 일간 조식 이용 간단하다 이용 솔직하다 지불 금액 불편 불평 감수 서귀포 여행 계획 이용 바다 한라산 가능하다 원하다 덥다 가세 만원 이하 비용 모텔 이용 조식 맛있다 직원 친절하다 편의점 로비 이용 편하다 바다 아주 방음 자다 베개 푹신하다 꺼지다 느낌 들다 이불 뭔가 부피 무겁다 포근하다 느낌 이기 불편하다 조식 라이스 조용하다 청결하다 직원 친절하다 방도 청결하다 주차장 출구 표시 자다 보이지 크다 티비 가격 청결 깨끗하다 방과 전망 가격 이만 숙박시설 작다 바다 자다 보이다 옥상 올라가다 성산일출봉 침대 푹신하다 자다 자다 조식 만족스럽다 위치 대박 시설 오다 조식 뷔페 살짝 내용 자다 먹다 오다 세면대 화장실 분리 되어다 이용 편리하다 테이블 의자 불편하다
6,호텔 탐라스테이 호텔 제주,경치 가격 대비 이정 보이다 못구 싶다 직원 친절하다 숙소 청결하다 가성 비도 위치 청결 도도 만족스럽다 샤워 부스 샤워 온수 냉수 뜨겁다 차가워지다 온도 맞추다 기다리다 야하다 걸리다 순간 순간 짜증 나다 숙박 예약 샤워 가운 벌이다 벌이다 점도 입실 한순간 실내 켤레 센스 배다 조식 숙박 만원 차다 일행 만족하다 조식 뷔페 만원 저렴하다 이용 태풍 때문 수영장 이용 웰컴 드링크 쿠폰 이용 싶다 수영장 숙소 위치 이동 편하다 방이 청결하다 청소 직원 친절하다 방음 조용하다 바다 수영장 생각 아침 뜨겁다 커튼 닫다 두다 에어컨 약하다 더움 편의점 딸리다 편하다 방도 넓다 창밖 지나가다 돌고래 떼다 만나다 청결 문제 때문 펜션 선호 욕실 청결 상태 보통 변기 물질 묻다 바닥 콘턕트 렌즈 떨어지다 컨시어 직원 기계 말투 탐라 스테이 첫인상 안좋다 만들다 수압 침대 콘센트 시설 코로나 때문 서비스 중지 되어다 따뜻하다 바다 아침 산책 행복하다 주변 맛집 카페 해안 도로 드라이브 해수욕장 편리하다 화장실 미닫이 빡빡 바닥 카페트 슬리퍼 신다 자꾸 까먹다 돌아다니다 전망 창문 환기 숙소 전체 깔끔하다 위치 다니다 오션 참고 근처 치킨 진짜 맛있다 친절하다 숙소 놔두다 연락 드리다 정말 꼼꼼하다 포장 택배 보내다 정말 감동 받다 가성 고려 가족 끼리 갈다 숙소 오션 아주 만족하다 가성 깔다 끄다 굉장하다 따뜻하다 깨끗하다 가격 대비 만족하다 위치 오션 맛집 주차공간 넓다 편의점 편하다 쉬다 가다 가성 비갑 제주시 애월 사이 접근성 나쁘다 오션 매력 숙소 위치 주변 맛집 식당 많다 가성 우수 위치 편의점 시설 이용 싶다 화장 코드 부족 세면기 배수 상태 샤워실 부스 선반 필요 위치 깨끗하다 객실 관리 돋보이다 서비스 아쉬움 이해 수준 창문 방충 열다 놓다 수가 부대 시설 구장 이용 자유롭다 시설 관리 되어다 개선 필요하다 통창 통해 바라보다 바다 조명 어둡다 불편하다 멀티 충전탭 갖다 불편하다 청결 중요시 만족 그닥 깨끗하다 정리 자다 되어다 비데 바다 전망 일어나다 바다 아침식사 가성 강추 월초 수영장 운영 위치 깔끔하다 카드 자다 먹히다 수영장 이용 시라 박투 숙객 놀다 수영장 이용 어렵다 쾌적하다 깨끗하다 호실 환경 친절 응대 정수기 편의 시설 부족 어매니티 청결 객실 욕실 크기 핸드폰 충전 거나 머리 말리다 콘센트 부족하다 불편하다 넓다 쾌적하다 화장실 깨끗하다 쇼파 조꽌 더럽다 아침식사 가격 대비 맛있다 종류 풍부하다 침구 적당하다 푹신하다 욕실 비교 넓다 애월 오션 번잡 관광 조용하다 보내다 유명 이자카야 가깝다 웨이 즐기다 수기 월요일 인지 객실 비용 저렴하다 펴다 이정 가격 이면 가성 생각 방문 의사 직원 사무 듣다 체크 인시 응대 해주다 여직원 친절하다 이미지 좋아지다 화장실 조명 어둡다 체크 인시 고층 객실 부탁드리다 예약 순서대로 객실 배정 거절 당하다 권한 뭐라다 배정 객실 외국인 외국인 경우 예약 일찍 배정 납득 어렵다 렌터카 오설록 월령 선인장 군락 카멜리아 새벽 오름 해변 가기 차다 중간 위치 생각 침대 아주 흐물 푹신하다 로비 편의점 아래층 피티 니스 다이어트 중인 가면 신경 쓰이다 빼다 지다 화장 실물 그게 두다 바뀌다 가성 눈꼽 바다 보이다 오션 저가 다르다 진짜 오션 저가 특유 라면 냄새 깔끔하다 첫날 침대시트 더럽다 저녁 알다 시트 갈다 시트 치다 올리다 자다 가성 넓다 침실 아늑하다 따뜻하다 깔다 끄다 채석 해변 주변 산책 오다 정말 프런트 직원 친절하다 조식 샌드위치 주다 따뜻하다 아메리카노 진짜 맛있다 먹다 주말 가격 대가 부담스럽다 후회되다 하룻밤 채석 시끄럽다 해변 불꽃놀이 거들다 그것 뭔가 추억 피곤하다 예민하다 신분 참고 숙소 잘못 놓다 어쩌겠어 욕실 신경 써다 구석구석 청소 해주다 전체 깨끗하다 부족하다 부분 발견 조용하다 외출 수건 샴프등 가다 두다 불편하다 직원 친절하다 위치 아주 조식 맛있다 침대 물건 떨어트려 주다 음료 나오다 침대 베드 높다 편하다 자다 쉬다 위치 아주 주변 먹거리 술집 인근 배달 포장 많다 가족 커플 끼리 놀다 제격 시설 깨끗하다 가성 직원 친절하다 박동 비데 작동 청소 요청 드리다 안되다 그냥 지내다 룸카드 인식 안되다 들어가다 외출 복귀 먹다 해변 치가 오션 아름답다 주변 카페나 환경 힐링 루프 수영장 운용 중이 객실 사진 침대 붙다 잇다 예약 떨어지다 슬프다 바다 전망 참으로 귀사 무궁 발전 기원 수시 대면 상냥하다 화장실 조명 약하다 가격 대비 바다 한눈 가장 만족스럽다 애월 위치 다니다 기도 편하다 기념품 위치 공항 돌아가다 들다 선물 사가다 아주 머무르다 여행 돌아오다 바닥 청소 부실하다 매트리스 편하다 베개 높다 불편하다 가성 휼륭하다 주위 가게 깨끗하다 가격 대비 후회 정수기 로비 애월 해안 도로 위치 호캉스 먹다 예쁘다 카페 편하다 자다 보내다 오다 패밀리 욕조 위치 가격 크기 냉장고 음료 넣다 지탱 파손 되어다 물병 쏟아지다 수리 필요 깔다 끄다 바다 근처 식당 칫솔 수건 낡다 깨끗하다 조용하다 헬스장 기구 고장 기구 부족하다 불편하다 주변 맛집 객실 어두움 바다 조용하다 인근 편의 시설 숙소 청결 부족하다 바닥 카펫 지저분하다 깔끔하다 한번 청소 수건 얼룩 더럽다 나머지 괜찮다 덥다 정말 싶다 숙소 가족 끼리 오다 가족 기대 데뷰 생각 진짜 편의점 오다 가다 편하다 위치 공항 가깝다 가다 싶다 밥집 근처 편하다 도로 생각 시끄럽다 침대 물컹 폭신 물컹하다 느낌 침대 움직 어지럽다 침대 고정 오다 가다 바퀴 달다 느낌 들다 주변 경치 청결 친절하다 조식 많다 개선 필요하다 가족 위로 방문 조식 개선 방문 의사 방안 시설 낡다 전기차 충전 저속 부족 원활하다 사용 부족함 숙소 근처 식사 많다 바다 바닥 카페트 걸다 다니다 먼지 날다 클린 징폼 바디 시가 콘센트 개정 도고 위치 애매하다 전등 스위치 밝다 빛나다 잠자다 신경 쓰이다 깨끗 깔끔하다 생각 넓다 괜찮다 오션 이기다 주변 술집 가기 위해 예약 위치 한잔 걸다 오다 가다 막히다 비즈니스 침대 그리다 안락하다 주차공간 간격 협소합니 가격 대비 조식 퀄리티 괜찮다 두번째 방문 개인 소지품 방문 청소 과정 사라지다 조식 컨디선 오다 머리카락 나오다 웬만하다 조식 가짓수 많다 수영장 조식 먹다 모르다 위치 천지연 폭포 황우 해안 근처 저녁 먹다 근처 돌아다니다 전체 깨끗하다 직원 굉장하다 친절하다 완전하다 오션 커튼 걷다 수영장 바다 근처 맛집 많다 유명하다 카페 많다 오래되다 느낌 듭니 바닥 카펫 꾸다 꾸다 맨발 돌아다니다 찝찝하다 침대 꾸다 꾸다 느낌 에어컨 침대 오른쪽 추다 덥다 그렇다 깨끗하다 칫솔 치약 공항 멀다 바다 가깝다 주차장 좁다 생각 깔끔하다 단정하다 느낌 창문 바다 보이다 근처 유명 이자카야 저녁 나가다 편의점 수영장 이용 튜브 빌리다 유용하다 청소 상태 화장실 침대 머리카락 발견 체크 프론트 데스크 직원 태도 딱딱하다
7,호텔 유탑유블레스호텔 제주,해안가 주변 시설 이용 용이 주변 사람 많다 시끄럽다 조식 위치 청결 주위 시끄럽다 건물 뭔가 기계 돌아가다 소리 소리 크게 닫다 소리 위치 웰컴 쿠키 무료 음료 무료 맥주 쿠폰 서비스 들다 셀프 세탁 다리미 구비 되어다 편하다 자다 이용 가성 숙소 함덕 가면 이용 캐리어 펴다 좁다 트윈룸 생각 위치 성도 서비스 청결 도도 굉장하다 만족스럽다 숙박 서비스 숙소 굉장하다 깔끔하다 이용 의사 프로 굉장하다 만족스럽다 위치 바닷가 식당 이용도 편하다 조식 종류 적다 맛있다 훈제 연어 위치 함덕 해변 젊은이 프론트 직원 불친절하다 함덕 해수욕장 바다 주변 상권 많다 주변 놀다 함덕 근처 바다 방향 숙소 쬐다 사이드 오션 서우 해변 걸다 해변 가다 서우 갈수 드라이어 부착 성능 머리 말리다 걸리다 테라스 자쿠 쓸껍니 남자친구 생기 위치 함덕 해변 경치 시설 면도 만족하다 여행 묵고 싶다 찾다 싶다 프론트 계시다 여행 고객 대면 프론트 신분 얼굴 생각 체크 인과 체크아웃 친절 찾아보다 무둑둑함 친절하다 기분 살짝 나쁘다 면도기 드라이 전화 걸다 기분 나쁘다 말투 기분 얹다 억지로 참다 상냥하다 친절하다 건내다 알다 서비스 교육 받다 체크 체크아웃 전화 받다 프론트 직원 늘다 찾다 고객 서비스 부족하다 프론트 신분 얼굴 생각 가성 완전 제주도 가면 갈리다 그닥 별루 다양하다 메뉴 위치 맥주 공짜 주다 마시다 탁구 려고 탁구공 망가지다 로비 가다 탁구공 받다 잠자리 편안하다 화장실 씻다 수가 오션 정말 힐링 기분 화장실 청소 일부분 제대로 되어다 변기 세면대 청소 신경 써주다 깨끗하다 관리 박하다 매일 관리 해주다 위치 최상 역시 방음 문제 화장실 신음 소리 깜놀 가족 여행 다행 정도 함덕 해변 가깝다 직원 친절하다 편의점 정말 확실하다 저녁 먹다 맥주 정도 살때 편의점 주변 가게 많다 저녁 환하다 느낌 주차장 금방 차서 주변 주차 정확하다 안내 부족하다 주자 전쟁 시티 바다 살짝 시설 설비 위치 청결 바다 전망 행마 무리하다 마지막 묵다 숙소 방이 작다 방음 안되다 이동 용이하다 깨끗하다 쾌적하다 숙소 직원 친절하다 식당 프로 할인 잘쓰다 크기 작다 아침 메뉴 부담 먹다 바다 전망 보이다 객실 청소 닫다 순간 부분 신경 써다 주다 아쉬움 함덕 해수욕장 바다 가까이 보고 느끼다 크다 장점 유명하다 델문 카페 걸어가다 편의점 굿굿 원룸 형태 규모 작다 제주 여행 신나다 자다 용도 로서 이용 사람 충분하다 오케이 깔끔하다 난방 시설 자다 작동 편하다 쉬다 주변 식당가 편의 시설 가깝다 바다 산책 구경 최대 인지 모르다 객실 넓다 느낌 깨끗하다 편리하다 시설 친절하다 데스크 직원 옥상 자쿠지 특별하다 경험 함덕 해수욕장 내려다보다 씨뷰 예약 추천 드리다 주차장 편리하다 위치 방음 완벽하다 층간소음 처럼 방문 닫다 소리 이야기 소리 저녁 들다 거슬리다 잠들다 자다 느끼다 예민하다 신분 귀마개 필요하다 바닷가 직원 그닥 친절하다 함덕 해수욕장 한눈 보이다 위치 급행버스 정류장 도보 거리 뚜벅 무리 갈수 하나로마트 올리브영 스벅 가깝다 거리 자쿠 예약 마감 유무 홈피 로비 지문 직원 손님 편하다 딱하다 전망 완전 주위 편의 시설 먼지 많다 희다 이불 날아다니다 보이다 정도 옥상 가다 엘베 공간 곰팡이 냄새 심하다 열다 환기 제대로 해주다 크기 적당하다 투숙 배려 섬세하다 준비 돋보이다 오션 체크 조식 결제 조식 먹다 가다 신청 금방 처리 되어다 시스템 자다 갖추다 온돌방 사용 청결하다 위치 뛰어나다 위치 바다 해수욕 들다 걸다 돼다 멀다 편의점 함덕 해수욕장 식당 카페 가깝다 아트 스테이 보이다 시끄럽다 샤워 부스 작다 침대 티비 사이 좁다 테라스 사장 뷰임 협탁 충전기 종류 숙소 넓다 편의점 해변 바다 가기 편하다 오다 그렇다 지하 주차장 차서 지상 주차장 주차 크게 불편하다 함덕 해변 시끄럽다 방이 아주 깔끔하다 루프 테라스 예약 제인걸 미리 알다 이용 해보다 싶다 체크 인시 문의 해보다 예약 차다 부분 제외 전체 만족스럽다 시설 깔다 끄다 편의점 해변 가라 훌륭하다 대중교통 가기 편리하다 직원 친절 딱하다 위치 아주 주변 마땅하다 식당 식사 불편하다 가격 저렴하다 맛있다 식당 해수욕장 애기 해수욕 추하다 해수욕 고객 예상 서비스 해주다 조식 많다 커플 여행객 별로 침대 바다 보이다 행복하다 체크 아웃 정확하다 바다 보이다 카페 오다 직원 정리 해주다 동선 들다 공간 아담하다 사이즈 나쁘다 일찍 가다 기다림 즐겁다 먹다 엘리베이터 조식 장소 표시 되어다 후론트 물어보다 함덕 해수욕장 수영 비치 오다 빌리다 서비스 알다 가다 싶다 숙박 스위트 예약 패밀리 배정 위트 등급 굳이 패밀리 배정 이유 모르다 직원 친절하다 깔끔하다 위치 정말 커튼 곰팡이 화장실 작다 벌레 위치 시설 직원 친절하다 메이크업 청소 침구 커버 교체 규정 모르다 청결하다 숙소 아름답다 해변 부대 시설 사진 조식 함덕 해변 근처 레스토랑 갈치 정식 갈치 조림 넘다 실망하다 조식 신청 레스토랑 직원 친절 도도 이미지 실추 이용 자체 방과 욕실 깨끗하다 난방 시설 작동 편하다 온돌방 포기 이불 펴다 바닥 따뜻하다 식당 편의점 가격 대비 만족하다 지하 주차 차라 야외 주차 비다 캐리어 들어가다 길이 그닥 조식 추천 자리 편하다 프론트 직원 친절 조식 맛있다 조식 끄다 넘다 가다 셋팅 자리 앉다 먹다 잔반 카트 다니다 먹다 싶다 먼저 먹다 잔반 카트 물컵 셋팅 써다 쓰다 안되다 말다 가지 가다 테이블 쓰다 거나 이후 셋팅 안되다 지나다 기분 깔끔하다 조용하다 현재 근처 공사 해당 배정 가능하다 문의 해보다 먼저 배정 해주다 아침 괜찮다 티비 크다 청소 사인 표시 나가다 청소 맞다 확인 전화 해주다 친절하다 심하다 오다 주변 아주 가깝다 밥집 아쉬움 해당 옵션 실내 화가 포함 되어다 다리미 실내 챙기다 다리미 디럭스 먹다 조식 만족 바다 예약 건물 청결하다 위치 넓다 편의점 굳이 찾다 샤워 샤워 부스 아래 물들다 스물 스물 침대 편하다 높다 주다 오션 함변 해수욕장 바다 보이 근처 편의 시설 많다 숙소 깨끗하다 해변 가깝다 꺠끗 뒤편 공사 아침 일찍 깨다 미리 안내 해주다 청결 위치 직원 전문 능숙하다 느낌 불편 사항 빠르다 대응 해주다 신뢰 생기다 공사 소음 들리다 객실 미리 주다 시설 청결 상태 조식 종류 많다 바다 보이다 오션 객실 이용 정말 객실 상태 만족하다 청결하다 아침 조식 가격 대비 괜찮다 제주도 행시 방문 별로 조식 맛있다 오션 넘다 화장 화장 거울 가다 생수 별도 비용 받다 별로 받다 위치 정말 바다 전망 객실 묵다 충분하다 가치 선택 해변 가깝다 편하다 시설 대한 유지관리 자다 되어다 청결하다 쾌적하다 소음 편안하다 탁구 공간 인상 예약 싶다 숙소 건물 지하 주차장 넓다 수기 렌터카 사용 불편하다 수도 야외 주차장 건물 주차장 저렴하다 가격 시설 누리 오다 지하 주차 차다 프로트 들이다 주차 카드 받다 지상 주차장 이용 사실 모르다 지상 주차장 한참 친구 부탁 주차 카드 받다 주차 불편하다 온돌 예약 바닥 뜨끈하다 욕실 깔끔하다 잘나오다 묵다 중간 청소 깔끔하다 해주다 자다 가다 방문 의사 바다 새똥 창문 묻다 외풍 들어오다 빼다 완벽하다 위치 아주 주변 편의점 커피숍 맛집 편리하다 주변 건물 공사 아침 시끄럽다 풍기 꺼지다 켜지다 불편하다 바다 전망 바다 이용 객실 온돌방 마음 들다 침대 이불 숙면 바다 전망 방이 멋지다 일출 주변 널린 먹거리 볼거리 방이 좁다 욕실 침대 놓이다 친구 끼리 민망하다 구조 해변 풍경 여름 조식 그냥 먹다 객실 청결하다 만족하다 치솔 면도기
8,호텔 빠레브 호텔,위치 청결 아주 수기 특가 주변 시가지 쾌적하다 환경 서귀포 방문 하루 투숙 친숙하다 아래 사우나 투숙 처음 사우나 세다 서비스 받다 서비스 애매하다 결제 카트 수수료 현금 결제 유도 등급 높다 이렇다 대응 문제 생각 스위트룸 투룸 나눠지다 아주 정원 이용 캡슐 커피 머신 청소 돼다 꼼꼼하다 청소 부탁드리다 가성 객실 컨디션 퓨저 방안 들다 때문 고급스럽다 프론트 직원 고객 응대 메뉴얼 점검 필요하다 보임 패밀리 스위트룸 침대 크다 편안하다 혁신도시 주변 맛집 편의점 많다 저녁 고르다 다니다 재미 스위트 패밀리 넓다 편하다 청결하다 딱하다 떠오르다 훌륭하다 가성 가성 넓다 위치 쾌쾌 냄새 가나 향기 가나 화장실 부분 청소 개선 필요하다 곰팡이 누런줄 이렇다 가성 깨끗하다 주변 조용하다 깨끗하다 환경 마음 들다 가성 주오 무조건 빠레브 선택 지하 주차장 규모 작다 계속 가다 싶다 오션 살짝 보이 차갑다 위치 객실 상태 깨끗하다 레스토랑 코로나 여파 제대로 오픈 안해 모르다 가성 괜찮다 가족 스위트룸 저렴하다 자다 이용 테라스 넘다 이용 싶다 싱글룸 숙박 방도 크다 조용하다 작업 현재 조식 운영 커피숍 베이글 세트 조식 세트 비즈니스 센터 인쇄 작업 가능하다 업무 때문 당일 서류 출력 스캔 스텝 자다 도와주다 무사하다 처리 모든 스텝 친절하다 아리 스텝 여러 요청 사항 친절하다 들어주다 제주도 마다 들리다 딱하다 자체 자주 이용 조식 위치 조용하다 내부시 설다 청결하다 이불 냄새 나다 샤워 부스 자다 닫히다 비누 걸이 부러지다 위치 방음 돼다 깨끗하다 편안하다 서귀포 주변 관광지 이동 편하다 차량 방전 데스크 도움 요청 실제 도움 받다 서비스 부르다 이렇다 간단하다 서비스 지원이 되어다 휘트니 센터 휼륭하다 직원 덜하다 방도 깨끗하다 모로 가성 뛰어나다 안타깝다 레스토랑 현재 공사 근처 식당 많다 문제 돼다 깔끔하다 프론트 직원 불친절 깨끗하다 조용하다 제일 만족스럽다 조식 생각 나쁘다 객실 넓다 부모님 좋아하다 근처 편의점 음식점 카페 가까이 위치 나쁘다 주차공간 방문객 많다 지다 야외 주차장 이용 시엔 안팍 걸어가다 숙박 객실 샤워 헤드 이상하다 확인 달라 요청 대답 해주시 교체 던지다 피드백 방문 숙박 많다 그렇다 모르다 일시 온수 나오다 씻다 힘들다 여행 정이 미루다 조식 먹다 직원 친절하다 청결하다 로비 시원하다 조식 먹다 가격 넘다 비싸다 가지 수가 적다 아침 간다 조식 저렴하다 희다 어머님 모시 가다 여행 숙소 신경 쓰이다 패밀리 성인 쓰기 바다 보이 가족 끼리 이용 객실 가격 대비 객실 컨디션 깨끗하다 침대 푹신하다 객실 정비 요청 외출 오니 수건 비치 안되다 프론트 요청 남자 직원 지금 바쁘다 가다 주다 나가다 직접 받다 불친절하다 자주 방문 춥다 대가족 사용 따뜻하다 깨끗하다 침대 푹신하다 넓다 수사 용하다 뜨겁다 물이 나오다 찬물 나오다 불편하다 그것 빼다 주차 시설 좁다 새해 첫날 모든 직원 마주치다 친절하다 새해 받다 인사 기분 청결 순위 진짜 까끗 서귀포 중심 관광지 접근 용이하다 인근 음식점 이용 친절하다 직원 깔끔하다 객실 맛있다 조식 아주 만족스럽다 추후 제주 여행 숙박 싶다 주차장 안내 자다 되어다 지하 주차장 입구 유도 자다 보이다 조치 해주다 더욱 주차 공간 넓다 지상 주차장 자다 되어다 로비 들어가다 수도 오다 가성 이예 오다 무조건 숙박 예정 주변 음식점 많다 주차공간 협소 카니발 주차 차선 꽉차다 식사 우수 위치 직원 친절하다 시설 점검 미리 주다 숙소 가격 대비 양호 맞다 한정식 간단하다 아메리카 조식 바다 전망 아침 일출 제대로 컨디션 크기 아주 만족하다 근처 가격 대비 추천 깨끗하다 제일 중요하다 가격 저렴하다 더욱 깔끔하다 안락하다 바다 깨끗하다 직원 친절하다 휴대폰 충전기 쾌적하다 조식 좀더 보강 여행 서귀포 박하다 찾다 평점 예약 가성 저렴하다 박하다 컨디션 깨끗하다 조식 먹다 자다 모르다 이마트 맥도날드 스타벅스 가깝다 근처 식당 딱하다 단점 굳이 찾다 서귀포 버스 터미널 이내 걸다 도보 이동 가능하다 살짝 경사 길이 많다 힘들다 치약 칫솔 일회용품 무료 제공 본인 쓸다 챙기다 프론트 유료 구매 가능하다 주변 상권 양호 식사 가능 전망 양호 깔끔하다 전반 추천 피트니스 시설 유료 주차 편하다 식당 많다 편하다 넓다 깔끔하다 숙소 위생 청결하다 펴다 청사 주변 볼거리 그닥 조식 퀄리티 가성 떨어지다 직원 마음 욕조 위치 청결하다 직원 친절하다 다르다 드라이기 뜨겁다 바람 나오다 조용하다 깨끗하다 가격 합리 적다 바닷가 방이 미리 알다 주다 그렇다 얻다 사전 알다 주지 빠레브 위트 오션 넓다 깨끗하다 편안하다 잠자리 행복하다 보고 만족하다 제주 돼지 맛집 알다 맛있다 자다 먹다 레시 투어 즐겁다 한라산 다녀오다 온몸 아프다 침대 자고 나니 풀리다 숙박 넓다 깨끗하다 방음 빼다 나머지 위층 옆방 의자 끄다 소리 떠들다 소리 들리다 가깝다 이마트 급속 충전 용이 맞은편 주민 센터 경기장 전기차 급속 충전기 편하다 충전 내부 깔끔하다 어메니티 제대로 갖추다 칫솔 제외 하우스 키핑 친절 주차 불편 저녁 들어가다 건물 주차장 협소하 떨어지다 임시 주차장 길가 주차 칫솔 치약 면도기 개인 차다 에어컨 꺼지다 계속 가동 해주다 야하다 부분 빼다 괜찮다 가성 정말 최고다 저렴하다 가격 숙소 아늑하다 청결하다 위치 버스 이용 편하다 주변 편의점 마트 사우나 피트니스 자다 갖추다 모로 장점 풍부하다 빠레브 세번 오다 근방 유명하다 빵집 채점 베이커리 스벅 빠레브 가격 대비 편하다 벌써 이용 조식 메뉴 기도 전체 만족 욕실 세면대 안쪽 테두리 곰팡이 불쾌 바퀴벌레 마리 잡다 화장 쓰레기 제주 갈다 빠레브 이용 청결 부분 깨끗 친절 위치 조식 노노 전기차 무료 충전 가능하다 시부모 모시 가다 편하다 바꾸다 감사하다 조식 직원 친절하다 가격 비다 조식 부실하다 느낌 넓다 객실 욕실 편안하다 침구 근처 스타벅스 이마트 가성 담배 냄새 나서다 환기 나아지다 이용 몰지각하다 문제 조식 깔끔하다 맛있다
9,호텔 블랙 샌즈 호텔 제주,깨끗하다 안락하다 깔끔하다 딱하다 쾌적하다 침구 깔끔하다 방이 여행 피로 풀다 로비 열리다 덥다 로비 커피 말다 시설 생각 들다 가격 대비 아주 깨끗하다 훌륭하다 편하다 자다 가다 위치 깔끔하다 만족 가격 숙소 깔끔하다 바닷가 가깝다 산책 묵다 단체 손님 배정 해주다 인지 소음 조용하다 편하다 출장 위치 비용 측면 해수욕장 가깝다 걸다 갈다 숙소 깨끗하다 편안하다 쉬다 가깝다 로비 냄새 나다 접근성 양검 음모 해변 가깝다 생각 청결하다 도로 시끄럽다 옆방 손님 밤새 텔레비젼 틀어놓다 시끄럽다 방음 제주도 동쪽 코스 잡다 중심 해변 위주 돌아다니다 편하다 근처 미터 마트 검다 모래 해변 나쁘다 쪼금 바다 안되다 가격 저렴하다 선택 첫날 체크 위해 들어서다 프론트 사람 알다 자동 열리다 방문 프론트 모르다 두리 거렸는데 아무 계시다 알다 프론트 적히다 서다 아무 자리 비우다 가하다 가까이 다가가다 앉다 지고 계시다 보이다 앉다 사람 보이다 높이 기다 의자 배치 주다 자동 열리다 한번 일어서다 쳐다보다 주다 그것 안녕하다 인사 한번 주다 한쪽 구석 앉다 계시다 보이지 아무 소리 들리다 모르다 프론트 직원 이미지 책임지다 자리 생각 깨끗하다 객실 맘에듭니 주변 편의 시설 숙소 깨끗하다 아침 식당 운영 그게 불편하다 그냥 그냥 도어 건전지 되어다 열리다 잠기다 가성 완전 굳다 주차장 부족하다 근처 세우다 위치 굉장하다 깔끔하다 스카이 가든 나름 매력 적다 자다 활용 소리 넘다 자다 들다 소리 소린 놀람 깨끗하다 주변 경치 아주 항상 침대 저렴 블랙샌즈 침대 더블 작다 느낌 완전 침대 느끼다 침구 살짝 미흡하다 들다 이용 의사 번창 침구 좀더 크다 포근하다 완전 해수욕장 가깝다 서비스 가성 직원 친절하다 위치 조용하다 해변 가깝다 바닥 카펫 마루 바닥 더욱 자다 닫히다 주다 당기다 장마 런가 꾸다 꾸다 냄새 나다 샤워 가운 부재 방만 원래 맞다 중국인 패키지 모텔 깨끗 가격 착하다 조명 어둡다 그렇다 청소 상태 불량 침대 시트 바닥 화장실 기다 머리카락 넘다 많다 침대 자도 걱정 전체 청소 불량 지리 위치 방음 안되다 호실 닫다 소리 화장실 소리 자다 들다 불편하다 위치 바닷가 근처 괜찮다 주변 편의점 시끄럽다 창문 열다 두다 소리 신경 쓰이다 화장실 타일 사이 물때 가득하다 바퀴벌레 보고 화장실 슬리퍼 제대로 빠지다 베개 시트 얼룩 묻다 전기 포트 먼지 가득하다 조명 좀더 밝다 생각 이듬 번은 숙박 전체 청결 최하 최악 환기 시설 창문 열다 환기 창문 어도 공기 통해 객실 열다 공기 순환 소리 심하다 시끄럽다 저렴하다 가격 마음 들다 복도 방음 조용하다 펴다 대중교통 다니다 애매하다 그렇다 젊다 여행자 가족 단위 많다 주차 어려움 아무 체크 본인 체크 해주다 멀뚱하다 보기 기다리다 놔두다 직원 청소 머리카락 액체 떨어지다 처음 으읭 스럽다 냄새 나다 비누 치약 비누 청소 첫날 놔두다 비누 새롭다 주심 스킨로션 버리다 치우다 알다 채우다 바닥 들다 복도 방음 안되다 아침 사람 지나다 청소 소리 깨다 조식 가짓수 많다 맛있다 직원 응대 후기 보고 걱정 다르다 친절하다 침대 후기 편안하다 어메니티 나다 더블 침대 개인 편하다 침구 구석 청결 별로 리모콘 제어 조명 제대로 들어오다 채널 바꾸다 버튼 자다 안눌 리더 고요 귀찮다 쓰다 자잘하다 부분 시설 완성 보이다 작성 내용
10,호텔 오션스위츠 제주 호텔,공항 가깝다 편하다 걸다 갈다 거리 시장 편하다 다녀오다 직원 친절하다 편하다 휴가 보내다 오다 운동 좋아하다 피트니스 시설 기구 부족하다 공간 작다 살짝 공항 접근성 넓다 주차 공간 안락하다 분위기 객실 위치 치킨 바다 시원 수압 먹다 가다 걸다 걸다 갈다 거리 헬스장 복도 운동 기구 갖다 수준 불과 조식 괜찮다 오션 멋지다 에어컨 돼다 필터 청소 안되다 에어컨 굉장하다 소음 나다 항상 제주 가면 하루 가다 편하다 침대 스프링 움직이다 울렁이다 다르다 가성 굳다 위치 주차장 완비 직원 친절 넓다 에어컨 약하다 오션 시티 청소 상태 나름 특별하다 배정 주다 바다 보이 주변 먹다 거리 해안 산책 로비 깨끗하다 상태 청결 한편 화장실 크다 바퀴벌레 죽이다 기억 프론트 냄새 얘기 친절하다 바꾸다 주다 바꾸다 깨끗하다 바다 보이다 하수 냄새 방이 바다 한눈 보이다 위치 탑동 먹거리 많다 공항 번화가 조용하다 아침 조깅 침대 흔들다 오래되다 그렇다 침대 화장실 물때 가성 직원 친절하다 숙소 깨끗하다 모든 만족하다 강력 추천 드리다 해변 보고 도로로 지나다 돌아서다 나가다 택시 해변 오션 인하다 정도 감수 위치 조식 가격 부담스럽다 위치 해변 만족하다 주변 산책 괜찮다 주변 음식점 가격 대비 가성 별로 저녁식사 갈치 조림 조식 신청 안함 에어컨 물이 새다 친절하다 교체 해즌심 청결 만족 위치 만족 주변 풍경 만족 조식 만족하다 카운터 직원 필요하다 말씀드리다 친절하다 안내 해주다 잘알다 말씀 시내 인접 교통 편리하다 비데 고장 돌아가다 전날 묵다 공항 가깝다 바닷가 찾다 위치 아주 바다 전망 정말 아주 객실 침구 아주 깨끗하다 직원 친절하다 자다 대응 해주다 가성 뛰어나다 만족스럽다 코로나 때문 바르다 닫다 간단하다 물다 붙이다 주다 아침 조식 괜찮다 먹다 음식 직원 체크 채우다 치우다 위치 직원 친절하다 묵다 디럭스 마음 들다 군데군데 연식 지저분하다 보이다 들다 디럭스 거실 쇼파 얼룩 전등 쌓이다 먼지 창틀 방충 쌓이다 먼지 베개 낮다 불편하다 베개 빼다 의향 깨끗하다 넓다 연식 느껴지다 위치 오션 시장 가깝다 덥다 시즌 에어컨 가동 이해 가다 화장실 수온 조절 어렵다 바닷가 전망 힐링 보내다 깨끗하다 넘다 크다 인조손톱 떨어지다 고객 만족도 조사 남기다 회신 깔끔하다 조식 맛있다 샴푸 칫솔 따뜻하다 아늑하다 오션 주다 편하다 오다 이마트 가깝다 마트 가깝다 동문 시장 가깝다 다니다 거리 샤워 수압 약하다 머리 헹구는데 불편하다 뜨겁다 조절 힘들다 뜨겁다 뜨겁다 차갑다 살짝 돌리다 차갑다 수도 야하다 가족 여행 숙박 적합하다 패밀리 트윈룸 식다 추하다 주차장 여유 위치 괜찮다 강풍 고해 차량 이동 날씨 시장 용두암 걸다 쉬엄쉬엄 괜찮다 조식 그다지 비추다 외다 사이드 전망 바다 자다 보이다 숙소 침구 편안하다 트윈 싱글 더블 아주 편안하다 자다 자다 체크아웃 편하다 쉬다 주변 산책 비행기 맞추다 자다 가다 이마트 쇼핑 시장 가깝다 저녁 구경 가기 조식 맛있다 방음 별로 그거 빼다 제주 가격 대비 넓다 바다 전망 전망 시내 전망 숙박 해보다 괜찮다 편안하다 개별 난방 중요하다 겨울 방바닥 방문 사실 조식 가격 대비 건물 오래되다 편리하다 깨끗하다 회용 용품 용기 투명 글씨 자다 보이다 노안 불편하다 바다 주변 맛집 이마트 시장 넘다 날씨 굳다 넓다 편하다 사용 깔끔하다 낡다 위치 상당하다 접근성 직원 친절하다 숙박시설 오래되다 괜찮다 숙면 외부 완전하다 차단 가능하다 상당하다 아늑하다 숙면 가능하다 연식 딱하다 식사 청결하다 위치 넓다 한쪽 작다 여럿 지내다 카펫트 마루 바닥 점도 침구 편안함 끝내주다 오션 만족 조식 먹다 평가 불가 조명 개별 조절 특정 조명 켜다 싶다 켜다 샤워 가운 요청 가다 요청 받다 이해 부분 요청 룸메 이크 부분 체크 가져다주다 요청 번거롭다 부분 에어컨 작동 불가능하다 찾다 건지다 뒤지다 에어컨 켜다 수가 사용 그렇다 건지다 부분 불편하다 직원 정말 친절하다 전체 서비스 가다 침대 더블베드 싱글 베드 주다 굉장하다 편하다 가격 대비 만족하다 공항 도착 출발 머물다 굉장하다 생각 청결 크게 나쁘다 침구 구석 머리카락 중간 중간 부분 위치 깨끗하다 직원 친절하다 위치 식사 친절 모든 에어콘 침대 이제 교체 필요하다 보임 깨끗하다 시설 오션 편안하다 잠자리 전체 만족하다 조식 맛있다 패밀리 티비 작고 침대 멀다 바다 위치 바닷가 산책 시장 도보 거리 조식 나쁘다 가격 라면 좀더 나아지다 식기 플라스틱 안좋다 보임 전반 연식 살짝 느껴지다 이용 워낙 안되다 느껴지다 침구 편안하다 조식 가격 대비 가짓수 많다 깔끔하다 맛있다 실질 먹다 많다 바다 아주 예쁘다 비다 화장실 떨어지다 느끼다 깨끗하다 자다 정리 정돈 되어다 뷔페 소문 방이 넓다 전망 굉장하다 비치 샴푸 거품 자다 나다 씻다 힘들다 객실 청소 사태 제주 바다 산책 주위 환경 공항 근처 가격 대비 정말 숙소 가족 친구 추천 공항 셔틀 깔끔하다 편안하다 굳이 오션 고집 필요 방이 크다 전망 전기차 충전 소가 설치 락스 나다 전체 만족하다 침대 침구 직원 친절하다 출장 여유 계속 싶다 이유 모르다 아침 잠자다 청소 아주머니 따다 들어오다 잠결 치다 보이다 드리다 뻔하다 예약 바다 자다 보이다 부탁 적다 전면 정말 바다 자다 보이다 오션 묵고 싶다 예약 정말 만족하다 침대 신하 아늑하다 정말 편하다 보통 객실 시설 서비스 빌리다 나가다 바다 편리하다 추천 별로 치약 버스정류장 걸다 정도 숙소 깨끗하다 오션 공항 인근 부분 특별하다 고층 바다 보이다 객실 주다 정말 관계 바깥 바다 산책길 시설 썰렁하다 일몰 메이드 청결하다 환경 쿵쾅거리다 층간소음 가성 최악 저녁 뷔페 블로그 쓰시 내다 들다 의문 조식 잇다 방이 따뜻하다 전망 알다 시티 가격 대비 방이 넓다 침구 깨끗하다 화장실 욕조 좁다 주다 불편하다 넉넉하다 편안하다 잠자리 제일 이용 평일 가격 저렴하다 아침 식사 괜찮다 종류 알차다 바람 푹신하다 침구 넓다 침대 오션 칫솔 치약 편의점 구입 가능 방음 괜찮다 수건 슬리퍼 추가 요청 사항 써다 프론트 요청 사항 준비 확인 해주다 준비 되어다 잠자리 편안하다 급니 바닷가 보이다 설명 나오다 잇다 보이지 배정 받다 시내 가깝다 주차장 간격 협소하 바다 보이다 전망 방이 넓다 수납 공간 많다 편리하다 가격 대비 만족 청결하다 아기 용품 대여 친절하다 침대 아늑하다 가성 시티 건물 빌딩 마주 커튼 계속 치다 지내다 싼값 이해 주차장 겁나다 좁다
11,호텔 플레이스 캠프 제주,복합 문화 시설 해결 돼다 숙소 이기다 즐기다 거리 많다 정말 이안 모든 해결 느낌 프로젝터 켜다 상영 거기 늦다 맥주 말다 방이 좁다 그냥 쓰기 완전 무리 친구 오다 하루 정도 묶다 잠자리 자체 중요하다 신분 노놉 긋다 도렐 스피닝울프 좋아하다 묵다 가성 위치 공간 작다 인지 작다 테이블 치우다 책상 의자 먹다 바닥 앉다 먹다 야하다 주변 음식 편의 시설 편하다 숙박 숙소 맥주 한잔 잇다 혼술 가능하다 체험 많다 숨기다 제주 보석같다 숙소 바버룸 이용 해보다 권하다 예약 어렵다 숙소 안내 사진 나오다 환상 성산일출봉 감상 가능하다 복층 구조 오르내리다 힘들다 완벽하다 깔끔하다 가성 숙소 만족스럽다 딱하다 클래스 인원 부족하다 경우 진행 집중 딱하다 깨끗하다 분위기 주차공간 부족하다 가성 공간 방음 안되다 아쉬움 바다 바라보다 오다 집중 바다 고르다 작다 냉장고 부분 만족 샤워 타월 셀프 가져가다 수량 넉넉하다 깨끗 위치 가성 좁다 가성 독실 예약 이불 환불 받다 오다 천국 자유 분위기 티비 프로그램 용눈 이빛나 용이 성산 위치 시설 마음 들다 여행 사람 숙소 들어서다 아쉬움 묵고 묵고 벌써 여러 방문 숙소 저렴하다 가격 정말 편안하다 침대 때문 가지 항상 성산일출봉 잡다 숙소 편하다 일출 치기 가깝다 유채꽃 걸다 갈다 최근 아예 숙소 유채꽃 만들어지다 캠프 편집숍 가보다 곳도 근처 맛집 여럿 성산 가성 숙소 기만 최근 지인 가다 어메니티 준비 놓다 지난번 명수 맞추다 준비 해주다 어메니티 추가 가져오다 야하다 안내 되어다 여러 방문 특별하다 추억 만들다 여행 라면 강력하다 추천 숙소 치기 해변 드루 다인 산등 도보 이용 가능하다 멋지다 장소 들이다 방안 성산일출봉 정말 주차공간 넉넉하다 멀리 나가다 많다 들이다 가능하다 장소 더욱 매력 적다 시설 청결 위치 방음 전혀 안되다 실내 컨디션 가성 싸다 비싸다 성산일출봉 멋지다 보이다 가장 매력 정통 뭔가 감성 그렇다 숙박업소 평수 아주 작다 티비 그렇다 유럽 생각 가다 인테리어 뭔가 독특하다 느끼다 어르신 젊다 사람 머리 식히다 오기 여러 식당 식당 이름 기억 안나 우육 겁나다 맛있다 먹음 방이 상당하다 좁다 티비 그게 원래 컨셉 그렇다 때문 좁다 싫어하다 티비 좋아하다 투숙 말리 싶다 아침 요가 프로그램 정말 객실 크기 생각 작다 깨끗하다 강추 드리다 여행 서다 다양하다 프로그램 즐기다 현재 객실 예약 아침 요가 수업 주다 이벤트 부킹 통해 예약 해당 안되다 공식 사이트 통해 예약 나다 묵다 진짜 아늑하다 크기 쓰기 일출봉 예약 그냥 스탠다드 블룸 묵다 일출봉 건물 올라가다 포토 일출 사람 일출 넘다 글구 침대 편안하다 포근하다 자다 자다 글구 샴푸 회용 뜯다 돼다 오히려 청결하다 느껴지다 프로그램 참여 진짜 마켓 필름 카메라 사다 사고 싶다 많다 금액 비싸다 편입 글구 포프 식당 거기 음식 나름 저렴하다 진짜 넘다 맛있다 아침 가다 싶다 정도 성산일출봉 치기 해변 가깝다 위치 걸어가다 멀다 기다 버스 가깝다 수건 마르다 빨래 냄새 나다 방음 안되다 경우 숙박 별로 건지다 잠자다 자다 자다 아침 사람 들리다 사람 많다 시끄럽다 철학 느껴지다 두다 제주도 오다 생기 오다 크기 듣다 작고 어마어마하다 깨끗하다 청결 위치 점수 주다 싶다 매일 수건 교체 해주다 청소 깨끗하다 주어 아주 쾌적하다 공간 쉬다 주차 편하다 위치 방음 안되다 아쉬움 깔끔하다 저렴하다 숙소 숙소 위치 차다 차갑다 불구 치기 해변 걸다 이동 가능하다 아침 산책 다녀오다 티비 프로그램 차다 오다 정도 로얄 싸다 숙박 함정 냉장고 식당 카페 숙소 편리하다 이용 딱하다 최근 묵다 청소 가장 깨끗하다 되어다 작다 세심 신경 쓸다 느낌 공기청정기 샤워 필터 아주 푹신하다 슬리퍼 넉넉하다 채우다 타월 마스크 네스프레소 커피 머신 다양하다 캡슐 설탕 구비 되어다 바람 불다 방문 계속 덜컥 거려 마음 불안하다 가성 저렴하다 가격 묵다 숙소 방음 솔직하다 복도 소리 들리다 거슬리다 정도 침구 넘다 푹신하다 방이 작다 쓰기 듀플렉스 위트 숙박 넓다 공간 복층 구조 서재 인테리어 멋지다 침대 편안하다 다양하다 식당 맥주 결정 욕조 선택 중요하다 포인트 책장 더불다 침대 거품 목욕 메모 비치 사용 권하다 멋지다 욕조 인테리어 핵심 고장 나서다 사용 제기 부품 문제 주문 상태 라며 시설 오다 임시조치 시도 실패하다 결정 화가 직원 욕조 문제 체크 인하다 아무렇다 욕조 사용 포기 샤워룸 샤워 물이 새다 물바다 되어다 한번 불편하다 겪다 보이다 인테리어 훌륭하다 사용자 입장 시설 구조 고객 서비스 안타깝다 인테리어 훌륭하다 기대 가지 친구 자랑 데리 숙박 불편하다 겪다 사과 편의 시설 가깝다 위치 이용 편리하다 스미다 숙소 청결하다 쉬다 섭지코지 근방 방문 레이스 캠프 제주 이용 싶다 지내다 크게 불편하다 만족스럽다 근처 버스정류장 멀다 뚜벅 여행자 숙소 도렐 식당 숙소 모든 해결 침구 샤워실 어메니티 판다 구입 싶다 정도 숙소 여러가지 프로그램 진행 늦다 저녁 심심하다 자다 보내다 방음 안되다 별다르다 딱하다 원래 작다 크기 가다 작다 문제 돼다 샤워 부스 화장실 사이 칸막이 처음 배정 샤워 부스 사용 변기 물이 흘러가다 물이 자다 빠지다 문제 때문 바꾸다 달라 말씀드리다 오다 점검 해보다 바꾸다 배정 받다 그렇다 문제 직원 정말 친절하다 치기 해변 가깝다 아침 산책 가다 작다 사이즈 오밀조밀하다 도렐 커피 맛있다 청결하다 침대 편안하다 리뷰 방음 때문 시끄럽다 객실 조용하다 지내다 사람 그렇다 소음 못자다 그렇다 문제 정말 작다 사이즈 사람 집중 장점 가성 훌륭하다 가도 가기 딱이다 숙소 친하다 언니 가다 화장실 객실 사이 완전하다 차단 화장실 사용 소리 서다 전혀 불편하다 리뷰 정말 친하다 사이 살짝 불편하다 수도 가성 정말 참고 적다 객실 한가지 불편하다 전등 켜다 어둡다 화장 불편하다 전등 갖다 객실 살짝 불편하다 수도 늦다 가면 건물 가깝다 주차장 주차 수도 숙박시설 주차공간 살짝 부족하다 느낌 가성 비갑 모든 마침 맞은편 어리다 여행객 단체 오다 소리 지르다 시끄럽다 잠자리 넓다 가성 침구 깨끗하다 포근포근하다 잠도 자다 오다 기본 준비 되어다 샴푸 비누 한라산 백록담 등반 가다 지치다 힐링 냉장고 커피 사가다 제품 내놓다 자다 유제품 담날 룸안 냉장고 깨다 끄다 티비 비다 난감하다 나가다 심심하다 그거 딱하다 가성 시설 숙소 놀이 문화 즐기다 식사 공간 숙박 계속 금일 끄다 얼른 다녀가다 전반 숙소 디자인 내부 음식 가게 완벽하다 깨끗하다 가격 대비 자다 지내다 가다 제주도 갈다 마다 들리다 위치 가격 마음 들다 시설 가성 벙커 침대 매트리스 푹신하다 이불 뽀송하다 베이커리 편의점 편하다 예쁘다 편의 시설 청결 자전거 대여 유료 친절하다 직원 쓰기 적당하다 크기 우도 성산일출봉 섭지코지 가기 편하다 가성 이만 숙소 방음 안되다 조용하다 별로 좋아하다 괜찮다 주차장 붐비다 지내다 완벽하다 가격 이정 시설 깨끗하다 버스 정류장 가깝다 도렐 자다 지내다 가다 소음 크게 불편하다 서로 조심하다 간혹 먹다 친구 끼리 들어오다 떠들다 들어오다 문제 싶다 시가 걸다 성산일출봉 가다 오다 주변 편의 시설 공항 가다 버스 편의점 카페 식당 내부 멀리 나가다 해결 컨디션 깨끗하다 정수기 세탁 시설 편하다 요가 부대 프로그램 시설 수준 지루하다 보내다 방이 작고 감옥 들어서다 각오 가다 기대 괜찮다 그치다 쓰다 괜찮다 쓰다 좁다 방음 정말 안되다 복도 큰소리 얘기 들다 조용하다 요청 드리다 만족스럽다 가격 대비 편하다 갈다 의향 직원 사무 보이 친절하다 느낌 받다 생각 구성 방도 아늑하다 서비스 괜찮다 식당 맛있다 티비 다양하다 거기 휴가 자다 즐기다 방음 제대로 안되다 편입 방이 나가다 소리 바깥 소리 자다 들리다 가다 조식 없어지다 깨끗하다 어플 예약 레이스 캠프 스템 무료 이용권 쓰다 가다 숙박 지불 알다 무료 이용 전화 예약 가능하다 확인 가세 이불 세면대 사용 침대 튀다 욕실 커튼 냄새 나다 블룸 묵다 지내다 침대 넓다 화장실 넓다 어매니티 갖추다 칫솔 치약 빼다 숙소 카페 식당 이용 편하다 배정 받다 방이 엘리베이터 자로 시끄럽다 귀마개 주다 그리다 의자 여성 화장 불편하다 생기다 돼다 오다 처음 지금 비교 역시 사람 많아지다 굉장하다 시끄럽다 복도 웃다 떠들다 기본 방음 자다 안되다 침대 보시 알다 마게 기본 주다 이유 생각 해보다 쉬다 제발 나가다 소리 지르다 청결 직원 친절 정말 이렇다 숙소 제공 해주다 감사하다 뽑다 미니 냉장고 침대 화장실 투명하다 숙소 깔끔하다 이불 주차공간 부족하다 해결 가능 한식당 카페 베이커리 디자인 문구점 티비 모닝 가도 보드 대여 투숙 할인 크기 작다 그치다 가격 고려 충분하다 이해 후기 소음 나진 방명록 문화 이쁘다 이쁘다 교회 이불 수건 냄새 살짝 나다 티비
12,호텔 밸류호텔 서귀포 JS,가성 비도 지내다 멋지다 방청 소도 해주다 주차 발렛 해주시 주차 타워 위치 신도심 편하다 지내다 주변 맛집 많다 깨끗하다 편의점 접근 편하다 주차 주차 타워 걸리다 불편하다 달라 말씀드리다 써다 커피 사오 나오다 침대 푹신하다 헬스장 알차다 가격 정도 개념 깨끗하다 전망 방음 부족하다 보이다 필요없다 여기다 주차 전담 해주다 장점 주자 해주시 친절하다 상태 에어컨 자다 나오다 고층 잡다 나름 베딩 편하다 깔끔하다 시끄럽다 가족 단위 손님 별로 조용하다 자다 쉬다 서귀포 가면 갈다 별로 굳이 따다 욕실 일회용품 미리 가다 괜찮다 준비 해오다 훌륭하다 깨끗하다 직원 친절 주차 파킹 주시 들어오다 나가다 차량 인도 자다 해주다 가성 편의점 주변 카페 마트 가까이 추가 필요하다 물품 살때 편하다 객실 컨디션 방음 괜찮다 조용하다 자다 일회용품 치약 칫솔 면도기 배치 되어다 갖다 가다 편의점 구매 야하다 주차장 주차 타워 차량 넣다 야하다 불편하다 렌트카 이용 차량 한번 넣다 빼다 체크 해주다 컨디션 위치 편하다 쉬다 가다 감사하다 직원 친절하다 주차장 기계 불편하다 시설 편안하다 이용 가다 일별 메뉴 변화 필요하다 생각 메뉴 일률 생각 드네 옥상 이용 제한 되어다 가성 대비 잠자리 침대 편하다 에어컨 빵빵 돌아가다 묵다 보이다 만족 빌리다 야외 주차장 주차 주차장 멀다 환풍기 소리 시끄럽다 리모컨 인식 안되다 바닷가 옮기다 추가 부담 친절하다 청결하다 조식 살짝 가성 만원 안되다 가격 편안하다 쉬다 오다 첫날 늦다 착하다 대충 저렴하다 대서 자다 후기 보고 잡다 가성 숙박 위해 준비 안제 칫솔 치약 챙기다 조식 가격 비다 적당하다 맛있다 코로나 대비 비닐 장갑 체크 되어다 편의점 근처 고깃집 정말 맛있다 식사 먹다 갑자기 오다 우산 빌리다 로비 물어보다 준비 되어다 실망 스럽다 그거 빼다 숙소 깨끗하다 숙박 저렴하다 깨끗하다 위치 전망 차량 주차 건물 안되다 떨어지다 주차 발렛 주차 도와주다 괜찮다 예약 이점 참고 숙소 칫솔 치약 면도기 가다 준비 깨끗하다 침구 관리 방음 모든 만족 스럽다 방문 겁니다 세면 용품 편의점 구입 불편하다 지내다 위치 아주 교통 편리하다 가가 조용하다 변경 친절하다 친절하다 프론트 누나 예쁘다 힘드다 알다 내다 그렇다 프로 페셔널 편리하다 위치 주차 주차 타워 시스템 주차 직원 주차 빼주 고하 시스템 주차 직원 불친절하다 일찍 오다 미리 오다 힘들다 뭐라다 중얼거리다 불편하다 만족하다 주차 직원 대한 교육 필요하다 욕조 청소 상태 위치 도로 가다 방음 욕조 청소 불량 가성 주변 맛집 많다 카페 많다 예약 두다 에어비앤비 청결 상태 최악 급하다 예약 여기다 깔끔하다 내부 좁다 바다 보이다 칫솔 치약 제공 깔끔하다 객실 깨끗하다 외출 돌아오다 정리정돈 깔끔하다 되어다 주변 관광지 가깝다 이동 거리 이마트 주변 음식점 많다 편하다 이용 날씨 창문 바다 보이다 전망 제주도 방문 밸류 서귀포 숙박 생각 주차장 작다 넣다 빼다 불편하다 생각 테이블 작다 느낌 이용 크다 불편하다 탁트인 전망 깨끗하다 시설 가격 대비 주차 기계 빼다 싶다 직원 눈치 보이다 가깝다 주변 걸다 댕김 아침식사 만족 건물 공사 끝나다 상황 방문 조용하다 주변 공사 많다 조식 침구 깨끗하다 지내다 쾌적하다 주전자 깨끗하다 개인 만족스럽다 청소 깨끗하다 해주시 주변 맛집 걸어가다 거리 주차공간 타워 기다림 필요하다 빼다 넣다 해주시 항상 계시다 불편하다 소음 전혀 잡다 가성 작다 자고 나가다 많다 나쁘다 이서 쓰다 수건 셋팅되어 부족하다 금액 대비 시설 강력 추천 잠자리 편하다 깔끔하다 채광 강하다 덥다 에어컨 뮨의 중앙 난방 냉방 불가능하다 부분 주차 불편하다 깨끗 가격 대비 넓다 전망 위치 만족 주변 편의 시설 침대 화장실 정말 깨끗하다 냄새 안나 청결하다 외부 소음 가격 대비 만족 이용 넉넉하다 방과 욕실 남자 조카 월풀 이용 겨울 옥상 이용 안되다 전망 조식 이용 안해 밉다 평가 주변 식당 편의점 건너 이마트 편의 시설 아주 가족 크다 뚱뚱하다 불구 자도 넉넉하다 침대 크기 가성 만점 숙소 언니네 이서 숙박 조용하다 편안하다 나중 제주 여행 가다 편하다 깔끔하다 직원 친절하다 깨끗하다 관리 자다 되어다 냄새 나다 수영장 가격 싸다 물이 충분하다 따뜻하다 겨울 추다 이용 콘센트 여러 국가 콘센트 호환 타입 개다 접촉 불량 안되다 나머지 헐렁하다 느끼다 물건 누르다 놓다 작동 전체 콘센트 점검 필요하다 보이다 조식 맛있다 먹다 컨디션 데리 가기 자쿠 이용도 서귀포 중심지 먹다 나가다 둘러보기 거리 번성 크게 새벽 사다 이용 소리 탁자 움직이다 소리 소음 관련 들리다 충분하다 가다 소음 실내 슬리퍼 찾다 마지막 넣다 자다 사용 안해 괜찮다 생각 외로 청결 자다 주차 시설 부족하다 외부 주차 불편하다 가성 침구 조식 제주 머물다 침구 가장 편안하다 가장 저렴하다 조식 괜찮다 서귀포 시가지 관광지 거리 실내 침대 침구 온도 만족스럽다 가격 대비 훌륭 주차 타워 빼다 걸리다 직원 들다 친절하다 주차장 파킹시 직원 알다 해주다 외부 주차장 직접 셜틀 이동 가깝다 거리 서비스 만족 현관 입구 조명 들어오다 가격 저렴하다 걱정 걱정 달리 직원 친절하다 객실 상태 칫솔 치약 구비 되어다 챙기다 서귀포 이마트 근처 월드컵경기 근처 조용하다 주변 괜찮다 소품숍 카페 많다 주차 발렛 서비스 오든 발레 담당자 들이다 친절하다 주차 나가다 빠르다 주다 수영장 헬스장 여행 출장 강력 추천 아늑하다 깨끗하다 진짜 업뜸 이마트 걸어가다 거리 바다 정말 베개 빵빵 그것 욕실 굳다 환기 안되다 건물 공사 서귀포 터미널 가깝다 이마트 스타벅스 맥도날드 웬만하다 안전하다 느끼다 숙소 가성 비다 터미널 위치 가깝다 오르막 경사 심하다 올라가다 힘들다 친절하다 파킹 해주다 침대 넓다 청소 수건 넉넉하다 주다 주변 맛집 찾기 어렵다 아침 빼다 걸리다 전화 미리 전화 주차 소통 자다 안되다 깨끗하다 직원 친절하다 조식 맛있다 주위 깨끗하다 주변 가볍다 맥주 한잔 호프 집도 많다 제주도 가다 사람 추천 해주다 목욕가운 교통 편하다 조식 이불 두껍다 객실 깨끗하다 포근하다 컨디션 퀄리티 뛰어나다 조식 레스토랑 주방 직집 요리 해주시 정성 듬뿍 담기다 일찍 출근 요리 감사하다 뽁음밥 부슬 윤기 흐르다 간이 적절하다 스크램블 익다 계란 농도 녹다 질감 아침식사 즐거움 가다 주다 일해 그렇다 깨끗하다 서비스 근처 외돌 해안가 걷다 일몰 바다 구름 울다 불근 물감 현이 두다 건물 공사 소음 기대 깨끗하다 친구 기회 이용 생각 가성
13,호텔 호텔 시리우스,위치 침대 커서 편안하다 수영장 따뜻하다 들다 방문 싶다 직원 친절하다 가성 시설 깨끗하다 수영장 깨끗하다 주변 상가 별로 그것 빼다 공항 가깝다 택시 걸리다 여행 마지막 아침 비행기 부담스럽다 공항 근처 걱정 시설 생각 고급스럽다 엘리베이터 누르다 카드 대야 부분 불편하다 위치 주차 시설 수영장 가성 직원 적다 느낌 받다 청소 퇴실 방문 잔뜩 열다 청소 층층 별로 열리다 엘레베이터 보안 넓다 사람 바글대다 조식 수영장 이용 편하다 조식 동그랗다 코코넛 도넛 맛있다 굽다 기계 숏컷 타투 여직원 차다 친절하다 기능 많다 런닝머신 수영모 대여 마감 홈페이지 자다 보이 기재 바람 운동 기구 종류 가지 안되다 한장 건조하다 늘다 조절 천원 비싸다 전경 블룸 트윈룸 수영장 이용 횟수 제한 되어다 약하다 조식 맛있다 먹다 컨디션 직원 건물 저번 묶다 사용 흔적 보이다 칫솔 치약 미리 얘기 해주다 깔끔하다 가성 조식 곱다 공항 가깝다 렌트카 택시 수영장 사진 수모 써다 대여 천원 대여 숙박 기간 쓸다 입장 내다 빌리다 야하다 평일 투숙 주차공간 부족하다 갓길 주차 방음 자다 안되다 옆방 떠들다 소리 들리다 수압 나쁘다 세지 무료 업그레이드 넓다 사용 코인 세탁실 사용 대하 변화 필요하다 개중 고장 나머지 먼저 사용 중인 손님 탁시 지나다 나타나다 리스트 작성 덥다 날씨 손님 오기 기다리다 기억 여행 최악 공항 가깝다 깔끔하다 오다 싶다 만족하다 딱하다 공항 가깝다 조식 쉳움 깔끔하다 편안하다 쉬다 공항 가깝다 실내수영장 실내 슬리퍼 불편하다 교체 필요 조식 뷔페 음식 다양하다 맛있다 객실 청결 상태 제주 가다 숙박 화장실 변기 비치 화장지 자주 막히다 최근 트렌드 변기 쓰레기통 없어지다 추세 막히다 프런트 오다 해결 해주다 꾸르잠 번화가 그렇다 소음 심하다 빼다 괜찮다 방음 돼다 공항 가깝다 순위 조식 종류 다양하다 먹다 객실 크다 창문 외풍 불다 전체 가격 대비 컨디션 조식 들다 지금 다니다 모텔 카운터 직원 대한 불만 남다 싶다 객실 난방 시설 가동 추다 하루 자고 관련 내용 문의 카운터 가다 여자 직원 관련 내용 듣다 조취 취할 당연하다 미안하다 태도 답변 투숙 항의 계속 많다 준비 안되다 안되다 무미건조하다 반응 당황 스럽다 갑자기 추워지다 준비 안되다 이해 미안하다 내색 태도 실망하다 본인 개인 잘못 생각 이용 투숙 직원 이미지 얼굴 대표 생각 대신 미안하다 표정 미소 지다 남다 직원 서비스 만족도 기본 이하 남기다 개선 줄다 침구 청결 편안하다 안락하다 편하다 자다 자다 조식 정도 기본 제공 해주다 호실 청결 도나 시설 차다 수영장 들다 어른 저녁 사진 찍기 공항 가깝다 청소 부족하다 부분 챙기다 주시 부분 항상 친절하다 대응 주다 가장 호실 대비 주차 공간 생각 부족하다 었네 단체 손님 가족 단위 렌트 차로 오다 고객 많다 따르다 어떻다 조치 대응 인원 숙박 공항 근처 제주도 계획 휴양 여행 계획 힘들다 위치 정말 공항 코앞 덥다 이동 편리하다 조식 나름 먹다 어린이 이용 가능하다 수영장 즐겁다 보내다 어리다 여행 가시다 경우 가성 대비 훌륭하다 객실 깨끗하다 방음 화장실 표시 안되다 공용 화장실 다행하다 욕실 화장실 넓다 직하다 침대 주르륵 푹신하다 완전 꿀잠 자다 수영장 모자 챙기다 서다 가다 빌리다 가기 피곤하다 나중 이용 해보다 싶다 비바람 불어 나가다 룸서비스 싶다 룸서비스 배달 오다 외지 알기 불편하다 배달 가능하다 업체 리스트 룸서비스 추가 수영장 공항 직접 보이다 정도 공항 가깝다 택시 내외 아침 조식 종류 많다 불편하다 맛있다 식사 침구 상태 준수 케어 서비스 만점 드리다 싶다 청소 깔끔하다 서비스 훌륭하다 수영장 놀다 적당하다 크기 만족하다 조식 레스토랑 훌륭하다 서비스 기대하다 그냥 평범하다 뷔페 수준 서비스 수영장 직원 서비스 최하 주다 싶다 무언가 먹다 극구 말리 싶다 편의점 서비스 경험 것임 수영장 바닥 정말 미끄럽다 어른 넘어지다 정도 미끄럽다 투숙 당시 투숙 미끄러지다 넘어지다 사고 발생 직원 응대 이름 아깝다 정도 어이없다 수영장 직원 응대 최하 지나 문제 생각 깨끗하다 에어컨 빵빵 욕실 샤워 부스 전혀 물이 세지 환기 급보 부대 시설 수영장 좋아하다 공항 보이다 숙소 만족하다 수영장 온도 낮다 공항 정말 가깝다 택시 천원 넘다 나오다 시설 실내수영장 헬스장 이용도 만족스럽다 객실 내부 비롯 전체 청결하다 마음 들다 진심 위치 서귀포시 관광 내내 묵다 공항 가깝다 돌아오다 전날 하루 묵다 시설 호텔룸 가다 인테리어 들다 업그레이드 해주다 넓은룸 침대 편하다 잠자다 자다 온돌방 바닥 난방 조식 간단하다 괜찮다 온돌방 구조 특이하다 좁다 기준 방이 영유 가다 이불 필요하다 추가 부담 그렇다 조건 어리다 추가 비용 받다 헬스장 사용 길다 수영장 무료 이용 깔끔하다 수영장 물이 따뜻하다 놀다 침구 깔끔하다 침대 편하다 숙면 가족 준비 되어다 점도 만족하다 수영장 물이 생각 차갑다 유아 최소한 이상은 되어다 수영장 이용 가능하다 모르다 수영장 신나다 놀다 감기 오다 수영장 화장실 그렇다 수풀 앉다 하수 냄새 나다 관리 주심 초보 운전 찾아가다 편하다 친절하다 프론트 비행기 고려 훌륭하다 위치 시리우스 자체 작다 이벤트 행사 홈페이지 방문 해보다 잃어버리다 수영장 이용권 요청 새롭다 주다 항상 밝다 친절하다 프론트 인상 숙소 시설 자체 깔끔하다 청소 불량 프론트 직접 남기다 개선 싶다 청소 수건 더럽다 접다 걸다 두다 보고 짜증나다 일치 불량 상태 자다 적다 프론트 넘기다 요청 사항 자다 들다 주심 낮다 도로 소리 들다 깨끗하다 편안하다 지하 주차장 슬리퍼 소독 시스템 만족하다 바닥 카펫 마루 방음 안되다 카펫 바닥 소음 옆방 닫다 소리 사람 들소리 들다 위치 진짜 시내 복판 가도 편하다 편의 시설 숙소 청결하다 상태 제주도 가게 예정 시내 위치 서귀포 중문 주로 관광 비추다 그거 말다 수영장 흘륭 객실 내의 스파 수영장 온도 높다 사람 많다 무리 남학생 기념샷 위해 연속 풍덩거리다 제지 불편하다 실내 탁자 커피 침대 마시다 수영 공항 가다 시내 멀다 시설 깨끗하다 오션 가다 바다 보이지 보이다 미리 알다 추가 오션 옵션 넣다 새벽 지나가다 소리 들다 제대로 이루다 가성 수영장 시설 깨끗하다 직원 친절하다 도시 지나가다 하루 이틀 묵고 싶다 정도 수영장 추다 스파 오다 가다 전망 공항 무지 가깝다 조식 최근 제주 묵다 방이 좁다 체적 만족하다 중국 고객 통제 안되다 향후 이미지 훼손 우려 상당하다 조찬식 나오다 음식 부실하다 대부분 염도 많다 짜다 한식 밑반찬 미역국 해장국 낮다 여러가지 가짓수 음식 나열하다 정결 먹다 가짓수 준비 필요 투숙 주변 중소 외부 고객 오다 이용 승부 전략 개선 요구 일본 경우 주변 투숙 맛있다 조찬 부페 몰리다 수영장 정말 좋아하다 하루 종일 킥판 구명조끼 넉넉하다 구비 되어다 수영장 이용 박다 인원 쿠폰 지급 을해 하루 수영장 용한 쿠폰 남다 이용 오후 이용 이용자 수가 적다 즐기다 오후 사람 수모 필수 에어컨 빵빵 이불 덮다 자다 직원 친절하다 체크 인시 커뮤 티케 문제 트러블 살짝 해결 해주다 조식 개인 입맛 아침 끼다 적당 먹다 정도 수영장 메이 들어오다 매너 관리 해주다 작다 거가 편하다 수영 난뒤 수기 건조 널다 놓다 런가 시트 갈다 정리 해주시 싱글 침대 시트 다림질 되어다 반듯반듯하다 더블 정리 되어다 꼬깃꼬깃 알다 이해 넘어가다 기분 그렇다 직원 아주 진철 방도 개끗해 수영장 만족스럽다 건너편 쏘다 카존 이용 추천 수영장 이용 사가다 연장 해주다 금액 수영장 이용 만족스럽다 수영장 샤워실 제외 시설 깨끗하다 수영장 샤워실 더럽다 관리 해주다 불다 야하다 수영장 유명하다 가다 정말 수영장 아기 가기 아기 숙박 가시다 비추다 이불 추가 안되다 침대 높다 어리다 떨어지다 직원 사무 불친절하다 전체 만족스럽다 시설 직원 친절하다 청결 상태 공기 소음 문제 숙박 고려 조용하다 만족 욕실 슬리퍼 구비 되어다 크다 침대 불편하다 출입구 벽면 나가다 준비 거나 자다 준비 도움 가성 필요 불편하다 편안하다 쉬다 오다 침구 깨끗하다 객실 생각 덥다 작다 위치 공항 가깝다 조식 가격 대비 가짓수 적다 위치 편의점 깔끔하다 객실 방음 조식 메뉴 별로 수영장 방이 작다 신축 깨끗하다 깔끔하다 접근성 나쁘다 조식 방문 예정 수영장 대여 숙박 수영모 빌리다 소음 옆방 뉴스 소리 생생하다 들리다 체크아웃 장시 만원 체크 굉장하다 늦다 위치 공항 근처 렌트카 반납 편리하다 수영장 공항 바다 들다 바닥 난방 안되다 공항 가깝다 수영장 물이 차갑다 온수 관리 신경 써주다 수영장 직원 친절 상당하다 주차장 부족하다 건물 깨끗하다 화장실 실내 화가 사우나 수영장 작다 규모 음해 주차장 출입구 기둥 불편하다
14,호텔 호텔 토스카나,따뜻하다 수풀 친절하다 리셉션 깨끗하다 컨디션 철저하다 방역 나로 키트 나위 수풀 민감하다 트러블 방문 늦다 놀다 보고 음악 나오다 분위기 완전 멀리 보이다 바다 깨끗하다 시설 조식 디너 제공 맥주 정말 맛있다 미니바 가격 저렴하다 편의점 이용 편하다 침대 가드 미리 연락 설치 해주다 사이즈 커서 크다 무난 사용 가능하다 화장실 욕조 깨끗하다 건조대 베란다 수영복 말리다 편하다 어메니티 간단하다 클렌징 정도 챙기다 제주도 토스카나 이용 예정 방문 깨끗하다 나쁘다 기존 치가 청결 상태 청결하다 잠자리 편하다 직원 친절하다 수영장 들어가다 구경만 분위기 모으다 빌라 가구 싶다 공사 소리 건물 짓다 그렇다 알다 넘다 가깝다 방이 소리 들리다 조용하다 휴양 위치 조식 디너 맛있다 수영장 이용 좀더 당기다 바람 객실 수영장 부대 시설 조식 소음 전체 시설 객실 내부 청결하다 고급스럽다 직원 친절하다 코로나 방역 꼼꼼하다 신경 써다 수풀 넘다 관리 수온 따뜻하다 저녁 멋지다 야경 상영 즐기다 조식 괜찮다 굳이 마지막 통신사 고장 파이 안되다 수영장 컨디션 샤워실 꼬이다 물다 전반 상태 체크 객실 청결 석식 부페 가짓수 적지 갈다 음식 구성 되어다 식사 만족스럽다 객실 청소 상태 훌륭하다 여행 방문 고려 굳이 꼽으라 입구 신관 신축 출입 신경 쓰이다 정도 조식 맛있다 수영장 태교여행 가다 풀이 이벤트 많다 팝콘 간식 음료수 먹다 오다 조식 맛집 특별하다 직원 친절하다 수풀 날씨 상관없다 놀다 조식 맛있다 개인 풀이 따뜻하다 자다 관리 되어다 직원 친절하다 편하다 지내다 내용 슬리퍼 미끄럽다 조식 석식 맛있다 수풀 넓다 괜찮다 갈다 겁니다 첫날 체크 발코니 청소 되어다 이미지 그렇다 룸체 해주다 괜찮다 유료 헤드셋 빌리다 소리 들다 틀어주다 소리 헤드셋 들다 시간대 별로 별로 조식 괜찮다 바다 그렇다 감안 괜찮다 석식 가격 비다 수영 휴식 가격 비다 석식 석식 조식 포함 패키지 예약 다녀오다 직원 어어 친절하다 감사하다 석식 조식 맛있다 수영장 관리 되어다 수풀 따뜻하다 자다 전반 만족 스럽다 직원 친절하다 조식 포함 예약 조식 괜찮다 공용 기대하다 가다 넓다 수심 깊다 놀다 크게 생각나다 개선 없윰 직원 아주 친절하다 청결하다 수영장 넓다 스크린 저녁 즐기다 차갑다 직원 친절하다 추가 비용 투숙 프로 할인 받다 석식 뷔페 먹다 완전 완전 만족 수영장 수풀 써다 베드 무료 빌리다 놀다 화장실 깨끗하다 자다 지내다 침대 콘센트 자다 안되다 에어컨 소리 시끄럽다 자다 끄다 자다 실외 풀이 자다 조성 되어다 때문 흐리다 날씨 물놀이 자다 추가 조식 깔끔하다 전반 가성 훌륭하다 수영장 수풀 이용 숙박 기대하다 만족하다 수영장 수풀 온도 적당하다 추다 자다 놀다 객실 넓다 침구 어매니티 방문 싶다 숙소 분위기 조용하다 수영장 온도 분위기 세부 느낌 편안하다 쉬다 석식 바베큐 푸드 먹다 아침식사 들다 극찬 기대 식사 그냥 종류 적다 정갈하다 정말 온수 수영장 저녁 오뎅 맛있다 패밀리 침대 푹신하다 굉장하다 넓다 만족하다 쿠폰 주신 만원 치킨 사먹다 수영장 굿굿 욕실 욕조 머리카락 밀리다 교환 교환 욕조 머리카락 그냥 일반 떨어지다 보이지 하얗다 욕조 띄다 조식 생각 만족스럽다 숙소 이쁘다 숙소 정맣 수영장 들어가다 애기 표정 행복하다 자고 아침식사 종류 많다 맛있다 음식 위주 셋팅 되어다 만족하다 객실 크다 조용하다 방음 수영 가족 정말 만족스럽다 수영장 치킨 꼬치 판매 아주 들다 가깝다 편의점 간식 애매하다 객실 비치 간식 만족스럽다 가격 종류 애기 와이프 아주 만족하다 위치 애매하다 근처 화장실 변기 내리다 레버 계속 누르다 물이 내려가다 이아쉬 었습 수영장 외식 종업원 불친절하다 증축 공사 출입 신경 쓰이다 수영장 수풀 조식 기대하다 맛있다 부킹 예약 미니바 무료 이용 그것 주변 무언가 사려 한참 나오다 공사 처음 들어오다 인상 저녁 부페 가격 대비 만족도 세미 부페 먹다 구성 알차다 거기 돼지 바베큐 해산물 구이 거기 다가 맥주 무제한 무조건 먹다 야하다 정말 가격 대비 객실 청결하다 전망 괜찮다 따뜻하다 수풀 수영장 월초 마음껏 수영 놀다 조식 맛있다 연휴 내내 자다 먹다 별관 공사 덥다 나중 좋아지다 컨디션 조식 가짓수 많다 고루 맛있다 편입 한식 구비 되어다 부모님 들다 수풀 기대하다 저녁 여유롭다 보내다 딱이다 수풀 사이드 비치 베드 투숙 규모 비다 부족하다 대기 자리 나다 옮기다 주다 자리 나다 아무 조치 딱하다 직원 친절하다 요구사항 많다 자다 들어주다 감사하다 위치 여기저기 다니다 편리하다 야외 장도 예쁘다 상영 해주다 분위기 코로나 때문 수영장 이용 오다 이용 해보다 싶다 욕조 넓다 들어가다 나오다 불편하다 무료 업그레이드 해주다 시원하다 괜찮다 침구 깨끗하다 냄새 전혀 나다 수영장 치킨 직접 튀기다 무료 오뎅 주다 수영장 먹다 맛있다 즐겁다 수영장 외국 휴양지 부럽다 가족 분위기 따뜻하다 부담 수영장 높다 수심 낮다 수심 낮다 수심 놀다 조식 할인 되어다 먹다 괜찮다 전체 친절하다 곳곳 배려 묻다 호캉스 귀하다 대접 받다 기분 가다 싶다 아주 방음 안되다 화장실 욕조 물밖 흘러나오다 조심하다 조식 청결 수영장 관리 시설 관리 친절 분야 강추 직원 친절하다 숙소 깨끗하다 수영장 저녁 고구마 어묵 서비스 센스 산책 별로 오다 가성 대비 기억 가족 방문 수풀 이용도 조식 뷔페 종류 많다 구성 알차다 괜찮다 의향 딱하다 직원 친절하다 항상 웃다 응대 해주다 부족하다 식사 출입 계속 체크 해주다 잘생기다 예쁘다 외모 보고 뽑다 알다 석식 먹다 의자 당기다 앉다 넣다 서비스 일류 알다 감사하다 수영장 풀이 유명하다 알다 깨끗하다 소독약 냄새 덜다 떠다니다 저녁 조명 켜다 분위기 해피아워 주다 고구마 크다 맛있다 오뎅 나다 석식 조식 먹다 아깝다 조식 기대다 한식 양식 위주 먹다 많다 석식 고등어 오다 제주 여행 비싸다 먹다 고등 어회 석식 고등 어회 나다 맛있다 베란다 환상 고층 수영장 달라 약시 쓰다 수영장 메밀 예쁘다 바람 흩날리다 메밀 보고 힐링 절로 아침 한참 보고 미니바 저렴하다 맥주 탄산음료 과자 비싸다 미니바 맥주 미니바 저렴하다 이용 조명 은은하다 한지 감싸다 조명 셀카 조명 조명 쎄다 아프다 어둡다 켜다 완전 조명 방안 후끈 후끈하다 나무 바닥 풍기 건조하다 알다 풍기 틀어놓다 건조하다 따뜻하다 화장실 물기 금방 말르다 환풍기 자다 되어다 그렇다 가보다 갈다 제주 여행 호캉스 여행 갈다 정도 굳이 단점 찾다 편의점 약국 식당 주변 곳도 미니바 가능하다 단점 볼순 어메니티 리필 요청 일이 어메니티 요청 첫날 미니 바안 콜라 먹다 채우다 체크 박하 청소 체크 컨디션 청소 꼼꼼하다 정도 살짝 로비 직원 친절하다 가다 주다 감사하다 한라산 등반 지치다 이끌다 가다 친절하다 응대 해주다 저녁 수풀 근육 풀다 생각 근육통 오다 넘다 저녁 이후 무한 제공 어묵 고구마 맛있다 컨디션 만족스럽다 숙박 조식 규모 만족 먹다 제주 여행 방문 싶다 렌트 괜찮다 차갑다 이동 편리하다 참고 비교 해보다 넓다 깨끗하다 동선 겹치 가족 친구 끼리 별도 공간 충분하다 사용 단독 사용 온수 야외 수영장 사용 청결 침구 상태 만족스럽다 아침 조식 정갈하다 훌륭하다 블루투스 스피커 음악 방문 확실하다 자다 구비 시설 품격 더하다 음악 필요하다 스피커 조식 괜찮다 수영장 훌륭하다 들어서다 예약 숙소 조용하다 마음 들다 직원 친절하다 야간 수영장 입구 직원 유쾌하다 근무 감사하다 덕분 웃다 맞추다 가면 고구마 어묵 무료 즐기다 겨울 수풀 따뜻하다 조식 종류 다양하다 제주도 많다 손꼽다 자다 가다 고맙다 접근성 떨어지다 도보 이동 무리 수풀 어묵 별미 조식 차갑다 달걀후라이 차갑다 비리다 수영복 말리다 건조대 제주도 가족 여행 중문 신라 롯데 묵다 주변 여행 숙소 수영장 이용 더하다 나위 위트 패밀리 이용 가족 여유 지내다 화장실 욕실 조식 깔끔하다 나다 직원 친절하다 코로나 소독 직원 편하다 쉬다 수영장 무료 주다 어묵 정말 나다 치킨 떡볶이 해물 라면 사먹다 나다 수영장 따뜻하다 자쿠지 녹이다 필요없다 정도 따뜻하다 신라 롯데 크다 수질 수온 욕실 어메니티 신라 제품 종합 롯데 예약 취소 토스카나 예약 자다 생각 캐리어 거치 대가 필요하다 바닥 펼치다 두다 사용 힘들다 수영장 이용 수영복 널다 빨래 건조대 필요하다 이야기 미니 사이즈 가다 주다 가족 수영복 널다 부족하다 베란다 난간 널다 두기 바람 강하다 크다 빨래 건조대 베란다 켜다 놔두다 가지 적다 개선 안되다 방문 할껍니 수영장 물이 깨끗하다 따뜻하다 놀다 차다 객실 넓다 마루 바닥 먼지 가족 여행 차다 장소 굳이 가지 충분하다 만족하다 완전 강추 수풀 사용 목적 수풀 조식 방이 넓다 컨디션 최상 미니바 무료 사용권 포함 객실 미니바 구성 맥주 정도 포함 안주 과자 고급 지다 수풀 정말 따뜻하다 배고프다 무료 제공 고구마 오뎅 서비스 느껴지다 정도 아이디어 남편 여행 박하다 정도 만족하다 겨울 이용 가능하다 수풀 넓다 방과 푹신하다 침대 욕조 그랜드 스위트룸 숙박 방도 넓다 깨끗하다 넘다 추다 겨울 야외 수영 추다 생각 자다 편견 버리다 오다 물속 넘다 넘다 뜨겁다 따뜻하다 고구마 어묵 무료 주시 대박 맛있다 먹다 즐기다 오다 남편 아들 추억 간직 돌아오다 그동안 이용 해보다 수풀 따뜻하다 한겨울 수영장 놀다 수영장 음식 진짜 맛있다 스크린 재밌다 틀어주다 요청 들다 직원 응대 해주다 감사하다 객실 넓다 한지 인테리어 되어다 굉장하다 아늑하다 힐링 강추 차다 해피아워 고구마 오뎅 진짜 신의한수 피트니스 작다 운동 구가 몇개 은근 이용 계시다 요가 매트 롬러 맛있다 조식 적당하다 따뜻하다 수풀 온도 수영장 분위기 친절하다 직원 다양하다 서비스 위치 생각 산속 샤워 잘못 물이 바닥 넘치다 구조 침대 가깝다 콘센트 아쉬움 수영 해주다 싶다 찾다 예약 깨끗하다 천하 뜨겁다 수영 보고 추다 사우나 가다 몸녹 자다 놀다 치킨 먹다 이벤트 어묵 고구마 맛있다 먹다 조식 알차다 먹다 가성 편안하다 가다 롯데 토스카나 모로 토스카나 습시 넓다 객실 붐비다 수영장 조용하다 주위 환경 홈바 멀리 바다 보이다 전망 아침 기억 나다 제주 간다 토스카나 겁니다 세탁실 피트니스 작다 구매 수영복 불량 방이 크다 수풀 음식 맛있다 조명 스위치 마스터 스위치 스위치 조명 알다 주심 수풀 겨울 여행 즐겁다 보내다 만원 숙박 비용 멋지다 수풀 수영장 이용 진짜 카바 나나 써다 베드 무료 이용 입장 자리 배정 해주다 넘다 온도 수영장 크기 커서 놀다 한쪽 뜨끈하다 거기 들어가다 앉다 대형 스크린 상영 해주다 화보 내리다 생각 들다 컨디션 화장실 크다 깔끔하다 친구 애인 가다 싶다 수영장 근무 직원 대화 표정 어둡다 힘들다 가보다 깨끗하다 편안하다 수풀 해피아워 주다 어묵 고구마 잇다 위치 깊다 객실 생각 넓다 아주 직원 계속 미소 띄우다 친절하다 저녁 디너 생각 뷔페 사이즈 작다 먹다 들다 로만 구성 되어다 편안하다 먹다 바람 춥다 수풀 굉장하다 따뜻하다 미니바 저렴하다 부담 수풀 화장실 갈다 화장실 갈다 추다 불편하다 화장실 패밀 리스 위트 수영장 따뜻하다 춥다 놀다 객실 욕실 편하다 호캉스했어 방문 가성 정말 넓다 깨끗하다 방과 욕실 겨울 수풀 수영장 운영 수영장 이용 가운 타월 슬리퍼 대여 해주다 수영장 틀어주다 분위기 넘다 제주 들리다 청결 시설 석식 조식 만족하다 수영장 이용 입실 당일 이용 시설 서비스 수풀 이용 어묵 고구마 서비스 진짜 헤어드라이어 약하다 아기 묵다 침구 욕실 깨끗하다 생각 넓다 걸다 다니다 아기 늘다 넓다 괜찮다 침대 가드 튼튼하다 아기 떨어지다 염려 가드 침대 사이 넉넉하다 베개 놓다 재우다 드라이어 동강이 나다 로비 연락 바꾸다 주다 직원 친절하다 조식 크게 바뀌다 고구마 오뎅 완전 맛있다 방도 크다 조식
15,호텔 호텔 더원,하늘 공원 놀다 좋아하다 오전 하늘 공원 쉬다 놀다 화장실 커서 보내다 제일 잠자리 편하다 조식 맛있다 도심 편리하다 깨끗하다 식사 곳도 많다 주차 편리하다 조식 비싸다 편입 객실 복도 카펫 지저분하다 청결 점수 베스트 주다 공항 가깝다 청결하다 깔다 이불 두껍다 허리 불편하다 공항 위치 가깝다 언덕 위치 택시 타고 버스 타고 다니다 힘들다 다르다 잠도 꿀잠 자다 어메니티 치약 포함 조용하다 깨끗 깨끗하다 위치 괜찮다 대체로 조용하다 깨끗하다 시설 조용하다 정숙 편안하다 객실 특별하다 전체 조명 어둡다 샤워 시설 나쁘다 써비스 물품 싸구려 느낌 끄다 그렇다 가족 여행 온돌방 예약 바닥 뜨끈하다 지지다 자다 저녁 도착 공항 가깝다 주변 먹거리 거리 많다 편하다 들어가다 꾸다 꾸다 냄새 나다 들어가다 환기 냄새 쉬다 빠지다 근처 중심 가가 크게 직원 친절하다 침대 편안하다 크다 가격 대비 만족도 크다 청결하다 모든 갖추다 조식 공항 비교 가깝다 프런트 직원 친절하다 결재 간편하다 주차장 파킹 힘들다 화장실 사용 프라이버시 지키다 어렵다 샤위하 편하다 추장 가구 조식 깔끔하다 맛있다 토스트 식빵 두툼해 맛있다 먹다 옥상정원 주차장 협소 위치 주택가 공항 가깝다 시설 깔끔하다 짧다 묵다 불편하다 느끼다 연휴 기간 중이 가격 생각 살짝 비싸다 침대 편하다 바닥 카페트 대리석 전체 인테리어 세련되다 쇼파 청결하다 들다 화장실 청소 되어다 변기 바닥 벌레 공항 가깝다 시내 가깝다 신축 깨끗 조식 가성 피트니스 센터 마찬가지 러닝머신 대가 조식 스위트룸 묵다 넓다 깨끗하다 쇼파 책상 화장 화장실 파우더 마련 되어다 체크 밤늦다 돌아오다 주차공간 협소했다 친절하다 직원 주차 시설 깔끔하다 딱하다 조식 맛있다 침구 편안하다 식다 신청 안해 모르다 위치 공항 가깝다 깨끗하다 위치 들다 친절하다 객실 하수 냄새 심하다 나다 레스토랑 협소해 조식 먹기 불편하다 가격 대비 훌륭하다 조식 가격 대비 훌륭하다 가짓수 필요하다 들다 먹다 먹다 스프 청결 침대 커서 주차 협소합니 주차장 불편하다 되어다 그것 빼다 청결하다 직원 친절하다 자다 에어컨 소리 크다 번화가 가깝다 주니어 스위트룸 가족 숙박 충분하다 넓다 편하다 쉬다 욕실 시설 사용 비용 대비 숙박 퀄리티 편입 청소 상태 들어가다 퀴퀴하다 냄새 방안 남아 환기 세심 관리 싶다 깔끔하다 주변 맛집 아들 데리 자다 안성맞춤 지하 주차장 공사 주차 힘들다 엘리베이터 페인트 냄새 진동 주차장 공사 체크 일전 일전 알다 어떻다 아쉬움 남기다 아침 간단하다 스프 구비 되어다 가성 난방 춥다 온도 높이다 반영 안되다 근처 해수욕장 가깝다 차다 대부분 차편 들다 이동 별탈 타고 나가다 주변 저녁 먹다 딱하다 들다 올리다 맘스 터치 사서 오다 옆방 윗방 소리 무심하다 들리다 따뜻하다 자다 주차공간 칫솔 치약 잠자리 편하다 객실 위치 온돌방 따뜻하다 객실 깨끗하다 들다 주차 조용하다 느낌 가지다 건물 상부 조명 이정표 느낌 들다 기분 대중교통 다양하다 렌트 크게 다가오다 그러하다 불편하다 따다 깨끗하다 전반 욕실 깨끗하다 들다 골목 위치 차로 가기 안좋다 공항 자동차 거리 동행 뚜벅 여행 제주 공항 근처 브릭 캠퍼스 가깝다 공항 브릭 캠퍼스 버스 이동 불다 관람 택시 더원 불다 택시 요금 시내 저녁 먹다 도보 나가다 돼지 도보 정도 걸리다 깔끔하다 조식 가짓수 적당하다 부족함 손님 많다 불구 달리다 정도 번잡 객실 깔끔하다 침대 생각 커서 어른 자도 넉넉하다 보이다 주차장 협소 버스 정거장 거리 싶다 매니 칫솔 치약 준비 되어다 칫솔 챙기다 치약 챙기다 당황 저녁 먹다 가면 다행 식당 다이소 마트 크게 거기 구매 가성 통로 소음 깨끗하다 친절하다 아침 메뉴 월말 잠자다 모기 물리 설치 화가 나다 늦잠 자고 아침식사 늦다 내려가다 마지막 서두르다 먹다 지다 시설 오다 아침 식사 오다 공항 근처 이동성 오다 침대 크다 편안하다 주차장 좁다 괜찮다 편안하다 침구 셋팅 쾌적하다 수건 걸이 세면대 앞쪽 하단 욕실 측면 눈높이 정도 수건 이용 청결하다 사용 가능하다 이외 만족 안락하다 깨끗하다 정돈 자다 되어다 공항 가깝다 주변 레스트랑 많다 먹거리 버스 편도 시내 편리하다 장점 끄다 직원 친절하다 시설 만족하다 내부 아침 식사 예전 미흡하다 었어 단체 손님 많다 소란 점도 거슬리다 분명 아침 식단 개선 되어다 분명 객실 배란 다가 직원 볼때 인사 해주다 조식 현장 추가 만원 만원 보이지 조식 종류 많다 무언가 가다 식사 방도 넓다 편안하다 식비 비싸다 깨끗하다 공항 근처 이동 주차장 지하 주차공간 부족 늦다 가면 주차 대가 잠자리 구가 고장 나다 서다 교체 해주다 주차 대신 해주다 직원 서비스 친절 안락하다 부분 바디 나오다 욕실 용품 등향 청결 괜찮다 냉장고 오래되다 느낌 오래되다 분위기 가구 위치 골목 구석 지다 로고 막히다 느낌 들다 답답하다 조식 괜찮다 기대하다 메뉴 구성 그렇다 다양하다 맛있다 음식 가격 대비 금비 용이 아깝다 느낌 들다 위치 조식 침대 안락하다 전등 조명 밝다 조정 가능하다 친절하다 편하다 근처 마사지 가격 대비 숙소 넓다 침대 푹신하다 물놀이 수건 부족하다 전체 만족 나중 제주도 가다 묵다 주차 정말 저녁 일정 늦다 숙소 들어가다 주차장 숙소 주차 가능하다 곳도 꽉차다 젊다 남자 직원 안내 해주다 뒷쪽 병원 무료 차후 숙소 옮기다 로비 계시다 나이 남자 아침 자리 옮기다 오다 말씀 주차 자리 번거롭다 거리 병원 대고 온건 들다 싶다 때문 기분 상한 뺴곤 괜찮다 침대 넓다 편하다 자다 모르다 이불 베다 시트 변경 해주다 한번 지키다 느껴지다 전날 흘리다 자국 던지다 전달 평가 쓰다 적다 침대 편안하다 조식 위치 정문 골목 안이 출장 이용 가성 정말 주차장 넉넉하다 위치 깔끔하다 들다 가성 비도 새벽 일어나서 공항 기도 주변 편의점 많다 건물 막히다 깔끔하다 들다 샤워 용품 기분 사용 샴푸 린스 바디 로션 칫솔 치약 면도기 참고 전체 만족하다 딱하다 모기 많다 홈키다 켜다 잡히다 세면대 물이 빠지다 불편하다 나머진 만족하다 그냥 방도 넓다 청결하다 욕실 방음 돼다 만족하다 부킹 통해 예약 공항 가깝다 컨디션 깨끗하다 주차공간 부족하다 딱하다 가성 거울 전반 우편 화장실 객실 깨끗하다 조식 맛있다 주변 어둡다 시끄럽다 안좋다 가격 대비 별로
16,호텔 더 그랜드 섬오름,경치 아침 맛있다 두번째 방문 깨끗하다 세탁실 편의점 편의 시설 모든 폭풍 때문 베드 테이블 일찍 울다 모든 직원 친절하다 편안하다 즐기다 가다 깔끔하다 수영장 예쁘다 레스토랑 편의점 생기다 바닥 자고 싶다 생각 들다 따뜻하다 아릉다웠 산책 편하다 쉬다 다가오다 직원 아주 친절하다 음식 맛있다 갈다 필요 많다 조식 원래 챙기다 먹다 박하다 내내 챙기다 먹다 위치 바다 사람 많다 조용하다 가족 휴식 가다 정말 바다 부분 전망 선택 별로 기대 부분 전망 방도 나름 아주 걱정 달리 괜찮다 주변 적당하다 거리 소품 음식점 나름 후기 보고 선택 사진 다르다 불안감 제주도 여행 오름 지내다 아주 선택 별로 침대 편하다 수영장 바다 조식 정해지다 바다 객실 바라보다 바다 가족 단위 여행객 많다 여행 즐겁다 경관 뛰어나다 수영장 청결하다 이용 조식 가격 대비 부족함 바닷가 위치 방이 넓다 쾌적하다 화장 거울 항상 바다 아침 눈뜨다 바다 보이다 정말 바다 소리 듣다 열다 음악 소리 크게 들다 파노라마 스위트룸 머무르다 거실 정면 바다 옆면 수영장 바다 한눈 보이다 멋있다 청결하다 하우스키퍼 외출 사이 청소 해주다 놓다 갈다 정도 조식 네가지 고르다 부페 맛있다 양도 많다 만족스럽다 오다 수영장 이용 넓다 전망 때문 전혀 답답하다 깨끗하다 스위트룸 주방 행주 젓가락 주변 먹거리 조식 입구 레스토랑 침대 모서리 돌출 해변 마주 보고 자리 잡다 전망 뛰어나다 식당 메뉴 수준 서귀포 시내 떨어지다 대중교통 이용 불편하다 바닷가 한적하다 편안하다 쉬다 전반 객실 따뜻하다 가격 대비 훌륭 진입 도로 주변 공사 베드 편하다 방바닥 카페트 마루 따뜻하다 읽다 공간 사랑 조식 종류 입맛 맞다 먹다 겨울 수영 난방 설정 온도 정도 방이 후끈 후끈하다 추위 남편 자고 청결 깔끔하다 관리 박동 바닥 청소 깔끔하다 해주다 감사하다 커튼 범섬뷰 마루 바닥 먼지 덜하다 드라이기 약하다 객실 정말 깨끗하다 풍도 거실 전체 훈훈하다 외출 가다 오다 룸메 이드 깨끗하다 청소 주심 수건 교체 해주다 기대다 상임 전혀 주차 쉬다 객실 넓다 깨끗 파노라마 완전 끝내주다 잠자리 아침식사 만족 경관 만족 딱하다 편안하다 오다 침대 깔끔하다 정돈 객실 아침식사 모든 메뉴 미국 아침 경우 큼직하다 자르다 속이다 부드럽다 맛있다 해변 정취 즐기다 식사 아주 조용하다 깔끔하다 바다 사색 따뜻하다 수영장 즐기다 기도 보이다 오름 제휴 저렴하다 잠수함 제트 보트 이용 즐기다 거리 찾다 도움 보이다 건물 사이 보이다 일출 훌륭하다 앞쪽 옮기다 일출 아주 객실 창밖 보이다 바다 머무르다 수가 옮기다 나무 레스토랑 건물 가다 오다 주차장 들어가다 길이 건물 입구 혼돈 바라보다 우측 물다 배다 설치 직원 친절 깔끔하다 객실 넓다 오션 써다 바다 보이다 보이다 느낌 난방 히터 온돌 덕분 자다 건조하다 햇빛 자다 들어서다 아침 오션 인상 깊다 화장실 깔끔하다 화장실 화장 거울 달다 욕조 샤워 물이 튀다 샤워 커튼 달다 유용하다 이틀 머무르다 하우스키퍼 이불 수건 쓰레기통 정돈 자다 해주다 전체 조명 두운 펴다 전기 포트 위생 자다 방해 정도 방음 부모님 데리 제주도 여행 숙소 마음 들다 모든 객실 오션 바다 조식 맛있다 주변 건물 많다 숙소 찾기 힘들다 침구 깨끗하다 여유 이불 세트 미리 준비 되어다 수건 깨끗하다 욕조 로비 시원하다 생수 라임 가다 준비 되어다 정원 수영장 가을 덥다 날씨 놀다 여름 한번 오다 보고 싶다 조식 레스토랑 먹다 창밖 바다 주변 카페 음식점 불편하다 조식 전북 성게 미역국 먹다 정말 깔끔하다 맛있다 점심 특선 함박스테이크 파스타 제공 지나가다 관광객 식사 서귀포 시내 정도 떨어지다 이동 편리 늦잠 자다 요량 조식 신청 아침 일찍 일어 바람 할인 조식 먹다 투숙 석식 할인 미리 지급 레스토랑 바다 뒷쪽 주차장 주차 전망 가리다 주차장 넓히다 보이다 범섬 분위기 올레길 주변 산책 맛집 충분하다 걸다 다니다 전기차 충전기 사설 업체 쏘다 충전 안되다 신관 본관 통틀어 전기차 충전기 대다 샤워 커튼 냄새 나다 신경 써주다 괜찮다 숙소 바다 숙소 청결하다 상태 수영장 컨디션 만족하다 여행 달다 신관 오픈 예매 해보다 웬만하다 기안 쓰다 괜찮다 후기 남기다 여행 정이 빡빡 수영장 즐기다 조식 먹다 모르다 위치 주변 환경 범섬뷰 객실 수영장 연결 되어다 펜션 느낌 수영장 이용 횟수 제한 화장실 욕조 넓다 바다 산책 행사 때문 레스토랑 이용 사실 체크 인하다 안내 받다 당황 스럽다 파노라마 스위트 끝내주다 숙소 공사 중이 조용하다 쉬다 바다 근처 많다 범섬 어우러지다 아름답다 많다 친절하다 응대 기분 좋아지다 가족 위로 오다 괜찮다 커플 끼리 오다 위치 후미지다 주변 별다르다 서귀포 레시 시내 차로 가량 거리 불편하다 보이다 컨디션 훌륭하다 화장실 물때 신경 쓰이다 정도 깔끔하다 인상 받다 식사 만족 숙소 제공 최소한 물품 빈약 샤워 없슴 안되다 물품 보완 이미지 샤워실 욕조 모델링 필요 아침식사 맛있다 위치 흔하다 생각 식이 한식 메뉴 숙소 보이다 화장실 청결 떨어지다 띄다 어매니티 부족하다 쓰기 부족하다 느끼다 만족하다 미국 조식 훌륭하다 커피 신기 더럽다 캡슐 쓸다 마음 들다 산책로 아주 야경 방음 잠자리 편안하다 욕실 욕조 상태 안좋다 야외 수영장 어른 이용 수영장 놀이 위주 경우 정수기 설치 되어다 이용 해주다 아쉬움 남다 깔끔하다 청결하다 직원 친절하다 바다 예약 실제 바다 자다 보이지 수영 시설 경치 주변 거리 먹거리 부족 침대 푹신하다 자다 자다 오다 그린 화장실 냄새 올라오다 그렇다 주변 조용하다 올레길 코스 산책 냄새 안좋다 뭔가 오래되다 지하실 냄새 환기 소리 들다 기다 부모님 결혼기념일 여행 보내다 드리다 숙소 예쁘다 부모님 상당하다 만족하다 조식 맛있다 방도 깨끗하다 여름 수영장 이용 수영장 써다 한적하다 바닷가 위치 조용하다 오기 별도 보기 단체 고등학생 늦다 시끄럽다 통제 안되다 깔끔하다 조식 맛있다 와이파이 자다 터지다 근처 해변 가가 들다 조용하다 범섬 보이다 위치 직원 친절하다 펴다 어메니티 괜찮다 깔다 구성 수영장 괜찮다 보이다 여름 가족 위로 오다 사용 보이다 범섬 즐기다 묵다 가능하다 이하 남편 피부 예민하다 침구 간지럽다 나다 쇼파 의자 앉다 피부 간지럽다 위생 좀더 신경 써주다 위치 전체 그렇다 해보다 컨디션 불만족 스럽다 화장실 세면대 아래 선반 망가지다 수리 오래되다 보이다 베딩 핏자국 모서리 낡다 구멍 친절하다 직원 청결 관리 숙소 맛있다 조식 바다 보이다 공간 쾌적하다 침구 직원 친절하다 주변 풍경 이쁘다 위치 조식 괜찮다 건물 공사 바다 들어오다 거들다 겨울 여행 숙소 따뜻하다 온도 걸리다 따뜻하다 나머지 방과 거실 춥다 넓다 썰렁하다 공기 침실 기대하다 바다 보이다 공사 공사 소음 일찍 다다다 침실 창문 엄두 내다 실망 스럽다 직원 친절하다 숙소 레스토랑 식사 맛있다 야외 수영장 야외 실내 풀이 놀다 보이다 때문 심하다 구비 되어다 사우나 무료 이용 편리하다 가능하다 박이상 묵고 싶다 수영장 사우나 조식 훌륭하다 동선 합리 적임 방음 문제 옆방 소음 자다 들리다 숙소 저렴하다 구매 그게 공사 때문 거기 묵다 가다 그게 방이 넓다 쾌적하다 수압 난방 숙소 끝내주다 조식 먹다 추천 유리 오션 즐기다 전체 이만 가성 찾기 힘들다 주변 맛집 카페 기념품 가게 은근 많다 서귀포 머무르다 예정 이면 추하다 자다 가요 돌체 스토 더럽다 사용 석식 조식 아주 맛있다 먹다 가족 오다 이용 약속 아쉬움 여행기 짧다 시설 이용 이용 조용하다 자다 쉬다 수영장 수영장 온도 조절 가족 단위 손님 위해 침대 이동식 패밀리 테라스 통해 수영장 나가다 아주 따뜻하다 월풀 비다 월풀 즐기다 방도 위치 바다 식당 가깝다 넘다 룸서비스 안되다 카페 음식 주류 가성 가격 포장 가능하다 크게 숙소 위치 객실 어메니티 준비 만족스럽다 조식 깔끔하다 만족스럽다 환하다 방과 범섬 에두 오션 침대 푹신하다 포근하다 먼지 아주 깔끔하다 편안하다 머무르다 테라스 아주 편안하다 지내다 화장실 냄새 올라오다 복도 연결 아래 방음 수영장 관리 철저하다 수영장 테라스 이쁘다 어리다 나이 들다 부모님 계시 주변 산책로 이쁘다 카페 선선 걸다 정이 짧다
17,"호텔 헤이, 서귀포 호텔",친절하다 깨끗하다 건물 입구 예쁘다 깔끔하다 필요하다 자다 갖추다 숙박 중간 청소 해주다 분도 센스 자다 정리 해주다 주차 진짜 힘들다 입구 되어다 어디가 입구 출구 제대로 써다 놓다 좁다 들어가다 긁다 난리 지하 돌리다 기도 정도 주차 답답하다 침구 편안 조식 엉망 가성 정말 쩔다 인테리어 예쁘다 침구 청결하다 내부 시설 많다 충분하다 즐기다 오다 자전거 대여 무료 낡다 레트로 보이즈 구경만 오전 요가 수업 참여 투숙 할인 이렇다 화장실 널찍하다 깔끔하다 조식 무료 주다 넘다 감사하다 주차 들다 불편하다 괜찮다 산동 조식 먹다 모델링 안되다 의자 덮힌 천이 더럽다 찝찝하다 올레 시장 천지연 폭포 걸다 갈다 거리 둘러보기 편하다 오르막 조식 포함 대충 먹다 움직이다 편하다 바다 요청 다리 바다 보이다 바닥 카펫 공기 꾸다 꾸다 원룸 느낌 딱딱하다 프론트 응대 방안 먼지 많다 창문 블라인드 화장 청소 필요 모기 많다 홈키 가져오다 모기 하루 마리 잡음 조식 포함 그냥 먹다 아주 심플 레트로 게임 기대하다 망가지다 별로 상주 의지 보임 깔끔하다 상태 넘다 혼행 쓰기 완전 편하다 천지연 폭포 도보 산책 즐기다 딱이다 서귀포 래시 도보 가능하다 서귀포 여행 숙박 예정 강추 조식 별루 조식 포함 가격 그냥 먹다 넘다 먹다 보완 금상첨화 그닥 가성 조식 먹다 꼭대기 수압 약하다 안내 받다 정말 약하다 아침식사 나이 들다 직원 친절하다 프론트 진짜 친절 레트로 보이즈 신나다 보내다 성비 숙소 리뉴얼 백프로 계단 더럽다 깔끔하다 인테리어 객실 용품 신경 쓸다 보이다 조식 다양하다 자다 나오다 별로 방이 좁다 가구 배치 소품 샤워 가운 거울 책상 모든 만족스럽다 친절하다 모든 직원 감동 이용 내내 기분 가다 서귀포 간다 이용 싶다 위치 레시 걸다 이내 건너편 산책로 뚜벅 공항 버스 타고 내리다 편리하다 욕실 수압 약하다 무료 대여 자전거 수리 필요하다 조식 맛있다 전반 깔다 끄다 햇습니 포켓볼 카페 주변 맛집 많다 코로나 포켓볼 카페 일찍 닫다 좁다 우드 깔끔하다 객실 청결하다 침구 위치 주변 맛집 아주 새롭다 모델링 숙소 깔끔하다 가성 위치 천지연 폭포 올레 시장 이중섭 미술관 도보 가능하다 카페 섬뷰 멋지다 세탁기 건조기 자다 이용 인테리어 침대 편안하다 주변 걸다 갈다 관광지 즐기다 거리 이용 싶다 뚜벅 숙소 오다 거리 공항 직통 오다 버스 편하다 오다 아침 조식 일반 다양하다 맛있다 딱하다 위치 서귀포 시내 중요 지점 걸다 다니다 위치 진짜 박하다 오션뷰룸 업그레이드 해주다 패밀리 제일 묵다 진짜 감사하다 바닥 카페트 마루비닥 청소 깨끗하다 해주시 필요 물품 자다 챙기다 저렴하다 가격 숙박 무료 조식 가다 많다 필요하다 들다 이틀 내내 아주 잇다 먹다 직원 친절하다 무조건 헤이 서귀포 갈다 저렴하다 가격 서비스 받다 주차장 주차 힘들다 다해 주차 자다 다니다 해동 산동 사이 가림 바닥 계단 미끄럽다 침대 사이 협탁 작다 조식 맛있다 친절하다 모델링 을해 가성 엘리베이터 불편하다 닫히다 내리다 적도 캐리어 가방 닫히다 부딪치다 적도 누르다 취소 안되다 불편하다 객실 인테리어 아늑하다 분위기 우드 이쁘다 되어다 어메니티 부족함 자다 갖추다 침대 푹신하다 편하다 브랜드 어떻다 모델 매트리스 여쭈다 오조오억 번은 고민 조식 무료 이벤트 진행 월달 방문 아침 해결 방문 의사 화장 대가 차다 조명 때문 화장 앉다 얼굴 어둡다 보이다 불편하다 가성 정말 깨끗하다 조용하다 욕실 스위치 접점 불량 안되다 그렇다 서귀포 중심 위치 편하다 오션 뛰어나다 차다 로비 객실 멋지다 인테리어 행복하다 보내다 레트로 게임 엘피 음악 맥주 즐기다 게임 즐겁다 조식 뷔페 생각 다양하다 자다 나오다 맛있다 주차 불편하다 주차장 좁다 느낌 운전 미숙 힘들다 게임 모기 많다 버스정류장 천지연폭포 정방폭포 이중섭 거리 걸다 갈수 깨끗하다 직원 친절하다 가다 싶다 만점 넷플릭스 레시 먹거리 해결 가성 강추 강추 강추 리셉션 직원 차다 친절하다 응대 해주다 감사하다 박하다 조식 메뉴 바뀌다 깔끔하다 자다 먹다 여행 부모님 만족하다 주변 관광지 가깝다 위치 괜찮다 산책 공원 방문 의사 많다 가격 대비 숙소 깨끗하다 직원 친절하다 프로모션 기간 조식 먹다 간단하다 괜찮다 구성 레시 걸다 갈다 거리 조식 식빵 포함 종류 반찬 다양하다 준비 되어다 매일 반찬 바뀌다 제주도 살기 찾다 오다 생각 시설 깨끗하다 아주 업그레이드 해주시 조식 제공 해주다 넘다 감사하다 레시 걸다 갈수 편하다 거울 가격 대비 깔끔하다 시설 숙소 인테리어 요소 침대 생각 편하다 자다 조식 괜찮다 처음 자다 모르다 소음 옆방 두드림 주차 장내 램프 좁다 경차 이외 조심 운전 위기 청결 친절 만족 무었 아침 식사 맛있다 별로 모든 깨끗하다 매트리스 침구 아주 편하다 조식 서비스 주다 사먹다 후회 양식 한식 종류 음식 오다 깨끗하다 저렴하다 바다 직원 친절하다 조식 방음 살짝 안되다 소리 저녁 들리다 근처 레시 맛집 아침 산책 서귀포 다니다 편안하다 위치 추천 숙소 방도 넓다 깨끗하다 카페 서귀포 갈다 애용 조식 먹다 공간 강의실 칙칙하다 음악 조식 메뉴 전형 조식 그렇다 일반 식사 생각 역시 나쁘다 간단하다 토스트 해동 플립 카페 아침 분위기 상치 조식 서비스 해주다 오션 업글 덕분 여행 좋아지다 감사하다 직원 친절하다 저렴하다 가격 위치 걸다 올레 시장 다녀오다 조식 무료 이용 가능하다 애견 지정 되어다 창밖 포기 저녁때 커튼 야하다 건너 사람 위치 이기 때문 숙소 위치 분위기 북유럽 모던 깔끔하다 고급 호스텔 분위기 직원 친절하다 바다 내다 보이다 예쁘다 전망 아기자기 소녀 감성 분위기 조식 괜찮다 주변 소소하다 로컬 맛집 치약 칫솔 빠지다 어매니티 주변 편의점 가까이 구입 편하다 가격 대비 생각 나쁘다 샤워 수압 약하다 방음 제주 여행 엄마 방문 의사 깨끗하다 시설 감각 인테리어 친절하다 직원 온도 조절 불가능하다 에어컨 소리 시끄럽다 무료 업그레이드 제공 받다 조식 추가 해주 샸습 무료 친절하다 방도 깨끗하다 시설 주차 어렵다 잠자리 청결하다 기분 침식 사도 생각 가족 제주도 해시 가면 권유 주차장 입구 불편하다 주차 구역 좁다 주차 어려움 주차 숙소 올라가다 직접 연결 엘리베이터 경우 불편하다 조식 신청 무료 해주시 방도 업그레이드 해주다 자전거 빌리다 서비스 관리 안되다 친절하다 전반 깨끗하다 비누 샴푸 어메니티 질도 충분하다 제공 해주다 조식 맛있다 근처 편의점 겨울 모기 주차장 좁다 지하 내려가다 길이 힘들다 조식 포함 가성 위치 서귀포 올레 코스 접근 쉬다 레시 가깝다 오메 과일 저렴하다 식당 많다 식사 건물 깨끗하다 오션 포구 새섬 새연교 보이 전망 공항버스 정류장 단계 업그레이드 주다 조식 서비스 해주다 넘다 감사하다 조용하다 편하다 주차 시설 자리다 충분하다 지하 들어가다 계단 올라오다 야하다 직원 친절하다 조식 만족스럽다 소시지 감자 고로케 맛있다 침대 푹신하다 객실 깨끗하다 묵다 가지다 눕다 끄다 알람 맞추다 아침 노래 들다 준비 정말 편하다 지내다 위치 시외버스 터미널 버스 타고 가면 걸어가다 거리 천지연 폭포 오다 국수 고기국수 맛집 정말 가깝다 이중섭 거리 레시 걸다 다니다 하루 묵다 정도 만족스럽다 서귀포 직원 감사하다 어메니티 제주도 컨셉 맞다 트러스 나다 정말 크기 작다 크게 만들다 로비 파시 편안하다 침대 인하다 숙면 가능하다 조식 만족하다 새롭다 모델링 외부 내부 깔끔하다 세련되다 자다 꾸미다 조식 간단하다 아침 식사 이정 가격 조식 기대하다 안되다 시리얼 커피 과일 샐러드 고로케 소세지 달걀 요거트 충분하다 넓다 욕실 어메니티 제공 냉장고 돌아가다 실내 난방 돌리다 덥다 정도 자다 나오다 수압 충분하다 직원 친절하다 내내 기분 여행 되어다 파스타 샌드위치 가게 맛있다 지하 주차장 엘리베이터 서비스 음료 쿠폰 주시 조식 넣다 감사하다 시설 조식 부실하다 저렴하다 가격 가성 생기다 그렇다 시설 대부분 트렌디 느낌 깔끔하다 정돈 되어다 바닥 마룻바닥 가성 정말 생각 가운 갖추다 편하다 제주 여느 대부분 그렇다 주차공간 작고 좁다 늦다 떨어지다 공간 주차 건물 내부 엘레베이터 모기 많다 온도 설정 안되다 불편하다 정말 가격 정도 방이 가능하다 버스 터미널 내리다 숙소 체크 정리 마무리 돼다 일찍 체크 해주다 방안 치약 칫솔 일회용품 자제 위해 준비 되어다 저렴하다 판매 제주 여행 제일 부분 숙소 위치 바다 완전 시설 완전 깨끗하다 사실 비싸다 이정 시설 만족하다 가격 완전 저렴하다 조식 대한 조식 신청 조식 포함 해보다 싶다 깔끔하다 아늑하다 커튼 숙면 취할수 비데 사진 동일하다 인테리어 이쁘다 조식 가격 대비 훌륭하다 별로 조용하다 편하다 위치 서귀포 걸다 레시 갈다 주변 가다 곳도 많다 가격 대비 시설 깔끔하다 가족 단위 오시 주차장 입구 좁다 들어가다 힘들다 기억 나다 그거 말다 직원 친절하다 객실 컨디션 어메니티 적다 칫솔 치약 부분 깔끔하다 정리 편하다 지내다 오다 레시 가깝다 걸다 다녀오다 근처 볼거리 많다 천지연폭포 산책 넘다 주차장 협소 엘리베이터 지하 걸어가다 들어가다 무섭다 깔끔하다 위치 수압 약하다 레트로 보이즈 재미있다 주차 드나들다 길목 좁다 위험하다 깨끗 친절 로비 자전거 무료 대여 가능 서귀포 관광지 가깝다 중앙 난방 난방 바닥 차다
18,호텔 라마다 프라자 호텔,전체 분위기 침구 가구 화장실 창문 환기 소리 크다 바다 가깝다 나가다 걸다 산책로 식사 신선하다 비행기 소리 방음 되어다 견디다 신경 쓰이다 아침 브런치 창가 트럭 오다 청소 모습 분위기 손상 기다 모르다 규모 엄청나다 수영장 크다 헬스장 크다 비행기 소리 크게 오션 크다 의미 아침 식사 전체 서비스 훌륭하다 수영장 협소함 아침식사 정갈하다 맛있다 수영장 시설 모든 조식 훌륭 수영장 근사 구포 깨끗 주변 먹다 직원 친절하다 뒤쪽 산책로 수영 싶다 이용 되어다 수영장 관리 자다 되어다 피트니스 자다 되어다 이용 요금 적절하다 생각 특별하다 개선 직원 친절하다 규모 크다 트이다 내부 구조 시원시원하다 저녁 로비 연주 피아노 소리 상태 기대 바다 환상 공항 이착륙 비행기 자다 보이다 차갑다 힘드다 위치 아침 일찍 비행기 소리 들리다 그렇다 모르다 수영장 샤워실 온수 자다 나오다 자주 크다 문제 화장실 창문 침대 화장실 보이다 조식 뷔페 메뉴 구성 서비스 만족스럽다 청결하다 편안하다 침구 마음 들다 수영장 이용 이용 생각 숙소 지하 주차장 직통 번거롭다 근처 가볍다 한잔 차량 용하다 나가야 가족 편안하다 즐겁다 여행 숙박 높다 고객 응대 소재지 식비 용이 비싸다 식사 맛있다 방도 아늑하다 일회용 칫솔 면도 구가 부실하다 그거 말다 어쉬운점 코로나 덕이 가격 저렴하다 객실 지하 주차장 갈수 읎음 레스토랑 프론트 거치다 지나가다 객실 무료 업그레이드 아침 뷔페 운영 안함 공항 근거리 접근성 환경 쾌적하다 조식 양호 펴다 바닷가 주변 산책 점도 장점 생각 공감 코로나 환경 숙박 저렴하다 숙박 할인 가능하다 절차 아쉬움 바닷가 경치 한적하다 맑은 공기 바닷가 경치 접근성 주변 먹다 볼거리 부족 비행기 소음 침대 사이즈 크다 편안하다 좋아하다 아침식사 먹다 많다 든든하다 화장실 닫히다 신경 쓰이다 바다 보이다 욕실 바닥 물이 새다 화장실 바닥 미끄럽다 체크아웃 직원 알림 수영장 이용 무료 공항 가깝다 오션 바다 위로 날아가다 비행기 가깝다 진짜 이마트 필요하다 사기 편의점 생기다 편의 성은 진짜 세시 넘어서다 체크 세팅 돼다 말씀드리다 세팅 해주다 겨울 수영장 물이 따다 그리다 따다 하진 춥다 잠자리 전망 시설 푸른 바다 공항 가깝다 비행기 소음 공항 가깝다 위치 제주 시내 돌아다니다 위치 예약 완료 받다 문자 공항 택시 이용 도착 공항 무료 셔틀버스 운영 운영 많다 미리 알다 이용 미리 알다 부분 외부 식사 오션 객실 치약 칫솔 구매 불편하다 전체 드하 비행기 소리 크게 나서다 자다 깨다 위치 바다 전망 친절하다 고객 서비스 편안하다 쉬다 공항 시끄럽다 가성 청결 친절하다 소음 수영장 공사 공항 근처 위치 컨디션 전체 만족스럽다 수압 비행기 통과 지점 소음 그게 즐기다 포인트 도해 개인 공항 택시 정도 갈다 주변 음식점 조용하다 아내 사우나 설다 제주도 갈다 숙박 청결하다 친절하다 서비스 조식 식당 확장 주차 편하다 엘리베이터 내다 객실 가다 그렇다 객실 이쁘다 직원 친절하다 이쁘다 아침 조식 만족하다 시오 싶다 공사 소음 예약 많다 매일 바꾸다 사정 자다 듣다 옮기다 마지막 체크 도와주다 학회 참가 많다 도움 되어다 조식 맛있다 산뷰 예약 바다 바꾸다 바다 공사 야외 수영 오후 여서 공기청정기 렌탈 편안하다 청소 되어다 주변 소음 관해 플레인 즉각 수정 조치 해주다 수영장 이용 기대하다 선택 숙박 당일 이용 불가하다 요일 깔끔하다 미니 바다 가깝다 시내 가깝다 공항 근접 주차장 객실 가다 엘레베이터 직원 표정 어둡다 편안하다 침대 침구 조용하다 객실 쿠션 더럽다 얼룩 마운틴뷰 실제 보이다 시가지 방파제 공사 바다 전망 별로 안좋다 화장실 이문 닫다 불편 조식 맛있다 웬만하다 뷔페 식당 나다 아침 죽이다 계란 즉석 해주시 따뜻하다 자다 유지 상태 괜찮다 공항 가까이 위치 숙소 깔끔하다 깨끗하다 샤워 물줄기 세기 조절 편리하다 침대 푹신하다 잠도 오다 바다 가까이 경치 멋지다 만족스럽다 공항 가깝다 그렇다 비행기 숙소 지나가다 소리 크게 들다 불편하다 환상 조용하다 청결하다 객실 침구 조식 가격 비다 종류 많다 객실 깨끗하다 수영장 사우나 부대 시설 이용 만족 화장실 비데 고장 불편하다 직원 친절하다 프론트 직원 친절하다 욕실 개방 소리 들다 숙소 넓다 근처 이마트 빵집 맛집 걸다 이용 가능하다 부분 편하다 도착 결혼식 이유 주차 공간 당황 스럽다 이러하다 경우 건물 출입문 이야기 발렛파킹 주차 도와주다 대체로 만족스럽다 하룻밤 방문 의사 시장 가깝다 바닷가 자리 잡고 공항 가깝다 간격 비행기 내리다 모습 즐거움 욕조 크다 화장실 깨끗하다 침대 편안하다 조식 나쁘다 고객 주차 질서 마음 들다 차선 지키다 주차 주차 경우 많다 주차 부족 때문 배려 부족 원인 조식 전기포트 지저분하다 경치 바다 식당 단가 비싸다 깨끗하다 칫솔 무료 제공 해주다 창문 열다 트이다 바다 욕실 화장실 고장 닫히다 인터넷 전화기 오류로 설치다 계속 부팅 새벽 전화선 뽑다 자다 체크아웃 연장 싶다 그것 안되다 부모님 가다 좋아하다 쾌적하다 직원 친절하다 바다 설치 건지다 시끄럽다 바다 전망 종말 객실 꺠끗 건물 오래되다 전혀 그렇다 전혀 나다 이마트 공항 불다 정말 가깝다 공항 그렇다 비행기 소리 들리다 근처 택시 잡기 힘들다 그냥 택시 부르다 이동 대중교통 걸어가다 택시 침대 침구 편안하다 산책로 조식 종류 다양하다 아침 부담스럽다 메뉴 가다 음식 별로 비행기 소음 창문 열다 가격 대비 방이 커서 편안하다 화장실 여닫이 방음 돼다 불편하다 건물 오래되다
19,호텔 호텔 레오,스냅 촬영 짧다 일정 간곳 좋아하다 고층 전망 지정 해주다 무료 파킹 서비스 객실 청결하다 데스크 직원 밝다 미소 맞이 해주다 제주시 숙박 레오 조식 먹다 위치 공항 근처 맛집 많다 주차 타워 주차 체크아웃 분전 연락 해주다 빼다 사람 몰리다 걸리다 맛있다 세심 배려 해주다 객실 바닥 카펫 포근하다 느끼다 욕조 좋아하다 늦다 입실 마침 보일러 점검 계시다 미리 안내 해주다 죄송하다 소정 선물 주다 감사하다 정말 묵다 숙소 기억 정도 공항 픽업 신청 예정 일찍 도착 조정 부탁드리다 픽업 오다 주시 직원 친절하다 객실 깨끗하다 유리 조식 코로나 인하다 준비 해주다 가지 성품 메뉴 실속 커피 맛있다 가격 픽업 숙박 조식 보관 가성 기회 숙박 감사하다 조식 맛있다 방도 깨끗하다 깔끔하다 직원 친절하다 공항 무료 픽업 서비스 침대 편하다 청소 정리 자다 해주다 편안하다 쉬다 냉장고 냉동 살짝 불편하다 프론트 맡다 냉동 보관 해주다 괜찮다 편안하다 잠자리 곱다 용품 비치 되어다 잇다 조식 맛있다 용품 분유 포트 여행 내내 이용 마지막 예약 그렇다 상대 베딩 정말 에이스 토퍼였음 장마철 제주 곳곳 습하다 꾸다 꾸다 수건 침구 뽀송뽀송하다 화장실 수건 많다 개인 그렇다 어메니티 베르가 못향 상큼 괜찮다 카펫 더럽다 블로그 후기 보고 걱정 카펫 청결하다 요청 사항 흡연 구역 가깝다 배정 해달라다 배정 사실 마지막 박하다 레오 예약 이유 조식 공항 거리 조식 맛있다 공항 가깝다 나름 시내 중심지 근처 먹다 많다 버스노선도 많다 동문 시장 유명하다 고기국수 가깝다 참고 별로 예약 괜찮다 예약 이유 코로나 인하다 개별 조식 서비스 가장 크다 조식 나오다 걸리다 오전 비행기 서두르다 빡치다 서빙 남자 직원 갑자기 주방 계시다 여성 늦다 나오다 죄송하다 사과 싶다 늦다 느긋하다 조식 먹다 가다 서두르다 조식 셀프 메뉴 정해 원하다 먹다 코로나 영향 조식 폐식 대신 제공 기대하다 양식 한식 맛있다 구성 침대 진짜진짜 편하다 공항 가깝다 택시 이하 나오다 공항 셔틀 예약 이유 가다 오전 운행 오전 비행기 서울 돌아가다 일정 사전 공지 해주다 조식 전망 직원 친절하다 리셉션 직원 친절 워낙 높다 기분 지내다 오다 숙소 청결 상태 위치 제주 가면 들리다 승하 딱하다 깔끔하다 시설 친절하다 직원 공항 가깝다 좋앟 어요 조식 별로 비싸다 그만하다 동네 애슐리 조식 생각 기대 발렛 서비스 스타 비치 되어다 관리 티비 작다 외국인 관광객 많다 시끄럽다 베드 제일 크다 사이즈 선택 작다 연결하다 두다 거더 고요 자다 가운데 연결 부분 때문 허리 아프다 정말 친절하다 모습 반하다 친절하다 마음 즐겁다 여행 되어다 조식 음식 집중 알차다 아침 방도 넓다 스타 곱다 제주도 여행 들리다 다짐 덕분 가족 만족하다 주차장 대가 주차 가능하다 나머지 타워 넣다 렌트카 반납 가다 사용 참고 주차 무료 공항 셔틀 이용도 무료 짝짝 공항 가깝다 미리 예약 공항 무료 셔틀버스 서비스 온돌 타입 방이 직원 친절하다 조식 괜찮다 숙박 일부 방충 파손 되어다 방음 자다 안되다 시설 깨끗하다 유지 주차 불편 위치 스타 유용하다 사용 세탁기 스타 경험 나다 문제 주변 공사 새벽 시끄럽다 자동 일찍 기상 처음 예약 하루 예약 여서 체크 인하다 말씀드리다 이용 해주다 스타 유용하다 체크아웃 택시 부르다 로비 앉다 기다리다 초콜렛 챙기다 정말 감사하다 공항 근처 대형 마트 가까이 무공 놀다 어리다 크게 문제 어리다 바닥 자꾸 뒹굴러 일회용 렌즈 떨어지다 발견 친절 베딩 상태 만족도 높다 욕실 환기 안되다 냄새 공항 근처 움직이다 직원 친절하다 기념품점 가깝다 근처 먹거리 많다 거리 많다 시내 깔름했렁 직원 친절 위치 가성 대비 만족 식사 맛있다 자리다 오다 편하다 먹다 안내 해주다 양치 세면대 치과 냄새 나서다 불편하다 맛있다 먼지 많다 한번 숙박 기억 조식 문안 생수 달라 하루 두통 기본 주다 차다 직원 친절하다 공항 셔틀 편리 주차장 협소합니 대형차 주차 어렵다 제주 시내 애월 해변 가깝다 바닥 테이블 먼지 얼룩 조식 퀄러티 괜찮다 종류 적다 주차 주차 타워 이용 불편하다 공항 가깝다 비싸다 그렇다 서비스 수준 청결 뷔페 전반 괜찮다 제주시 중심지 공항 가깝다 이용 조식 훌륭하다 조식 맛있다 침대 주변 가용 콘센트 적다 늦다 제주 도착 묵다 시설 대비 불편하다 지내다 공항 셔틀 마감 되어다 택시 이동 예약 셔틀버스 코로나 바이러스 조식 부페 식이 정식 메뉴 선택 가능하다 깔끔하다 제공 되어다 도로 소음 조식 잘나오다 위치 정말 스타 점도 침대 편안하다 친절하다 방음 달라 창문 포크레인 방음 우수하다 바닥 카페트 되어다 청소 건지다 자다 모르다 침대 푹신하다 베개 불편하다 자다 오다 기계 주차 불편하다 작성 내용
20,호텔 호텔 앨리스 앤 트렁크,조식 아날로그 휴식 노트북 작업 공간 루프 탑바 깔끔하다 인테리어 친절 디자인 내부 비치 용품 괜찮다 편리하다 번잡 주변 오픈 한지 돼다 그렇다 새집 가구 냄새 빠지다 기분 객실 환기 필요하다 오픈 한지 래지 시설 전반 깨끗하다 가구 욕실 마감 인테리어 전반 새다 자다 유지관리 되어다 직원 친절하다 위치 중심 가다 위치 편리하다 가성 친구 트윈룸 사용 불편하다 서비스 페이 스팩 자다 사용 가성 조용하다 시설 깨끗하다 직원 친절하다 응대 인기 많다 인지 주차장 협소 측면 지하 주차장 주변 많다 공간 확보 크다 어려움 주차 가능하다 조식 가성 침구 편안함 샤워 수압 약하다 위치 깔끔하다 오픈 한지 오래되다 그렇다 들어가다 냄새 나다 후각 둔하다 크다 단점 아니엇네 크기 적당하다 발렛 다르다 잠자다 쉬다 숙소 직원 친절하다 위치 번화가 이동 편하다 주차 발렛파킹 해주다 직원 친절하다 마주치다 모든 직원 친절하다 기분 좋아지다 조식 퀄리티 대박 제주시 갈다 연동 묵다 위치 시설 비품 직원 응대 방안 새집 증후군 찌르다 냄새 민감하다 동행 괜찮다 하니 개개인 차이 갑자기 욕실 엄청나다 지독하다 냄새 나서다 깜짝 창문 열다 한참 냄새 갈다 때문 숙박 어리다 조식 침대 한편 예쁘다 괜찮다 어메니티 친절하다 직원 예쁘다 식당 발렛파킹 딱하다 컨디션 깨끗하다 직원 친절하다 오픈 행사 스파 이용 무료 침구 편하다 매니 웰컴 음료 티백 마스크 제공 가성 방문 의사 주차장 넓다 수압 약하다 스파이 용다 스파 기계 계속 꺼지다 직원 켜다 스파 메뉴 별로 작성 내용
21,호텔 다인 오세아노 호텔,욕실 크다 청결하다 조식 정말 일품 가성 애월 바닷가 근처 생각 규모 작다 시설 깔끔하다 객실 조식 추가 먹다 아침 간단하다 먹기 몇개 안되다 근처 걸다 갈다 거리 편의점 스타벅스 식당 객실 낮다 안이 보이다 걱정 되어다 요즘 코로나 걱정 많다 수영장 이용 체온 체크 거나 명부 작성 직원 주차장 협소 만족스럽다 애월 근처 루프 유명하다 스위트룸 내의 마음 들다 장기 투숙 매력 높다 정도 적당하다 위치 바다 전망 들다 직원 친절하다 루프 인피니트 풀이 방문 의사 조식 생각 위치 수영장 욕조 수영장 운영 길다 여름 디제이 파티 재밌다 어메니티 제공 린스 별로 머리카락 손가락 넣기 힘들다 마무리 돼다 숙소 몸무게 재다 달라 살빠지다 제주도 중력가속도 육지 싶다 위치 아주 만족스럽다 오션 이용 다인 오다 알다 오션 진리 이용 이유 겁니다 가족 단위 라면 패밀리 오션 추하다 하드웨어 비다 서비스 배수 구가 일부 문제 물이 거실 넘치다 클레 걸다 관련 대응 가격 생각 조식 괜찮다 조식 다이닝 비교 안되다 조식 깔끔하다 맛있다 아침 나가다 식당 찾다 조식 포함 정말 맛있다 자다 먹다 시설 깨끗하다 방도 청결하다 가다 바다 정말 예쁘다 허니문 오다 하니 바다 예쁘다 보이다 배정 해주다 둘째 작동 대피 뻔하다 소동 그로 인하다 스프링클러 작동 천장 물이 새벽 옮기다 크다 옮기다 옮기다 늘다 천장 물이 새다 원인 서다 전혀 이야기 들다 부분 수영장 개별 스파 화장실 배수 문제 전체 깨끗하다 직원 절하 조식 맛있다 바다 풍경 사용 가운 수건 별로 불편하다 커튼 지저분하다 위치 직원 친절하다 깔끔하다 관리 수영장 따뜻하다 물놀이 급속 전기 충전 소가 충전 날씨 빼다 욕조 외부 물이 튀다 조심스럽다 창가 마감 배수 욕실 수구 빠지다 문제 구시 해결 샤워 대기 거치다 요구 해결 화가 나다 거듭 사과 마음 풀림 청결하다 모던 인테리어 욕실 구조 마음 들다 샤워 부스 분리 되어다 물이 전혀 새다 깔끔하다 사용 매니 몰다 틀다 브라운 처음 해봤다 향기도 대한 인상 좋아지다 조식 한식 양식 적절하다 비율 직원 친절하다 객실 바다 루프 수질 청결하다 객실 내부 스파 욕조 그렇다 모르다 객실 건조하다 주차공간 부족하다 나가다 걱정 제일 편하다 어매니티 깔끔하다 숙소 상태 청결하다 오션 공항 택시 정도 걸리다 바닷가 객실 훌륭하다 테라스 편하다 의자 바다 바라보다 즐기다 객실 자쿠지 바다 바라보다 즐기다 객실 넓다 청결 상태 조식 양식 한식 고루 갖추다 훌륭하다 패밀리 바다 전망 스위트룸 기준 친절하다 직원 부족함 시설 위치 스위트룸 만족 루프 수영장 정말 스위트룸 이용 일반 별반 차이 서비스 길망 프론드 데스크 차별 주다 수영장 생각 넓다 사람 많다 놀다 편하다 숙박 손님 하루 크다 무료 이용권 주다 주차장 나름 넓다 조식 가격 음식 떨어지다 가짓수 퀄리티 위치 오션 깔끔하다 메이드 떨어지다 일반 청소 상태 정리 가격 대비 해외 교하 보임 청결하다 직원 친절하다 루프 수영장 숙소 등대 저녁 산책 객실 수영장 숙소 쉬다 정말 편안하다 욕실 비데 욕조 시설 바깥 풍경 즐기다 상상 편안함 휴식 이불 신한 이불 에어컨 온도 조절 해주다 자동 켜지다 꺼지다 불편하다 자다 지내다 주변 음식점 커피숍 시끄럽다 이용 부족함 청결하다 넓다 숙소 마음 들다 처음 들어가다 꾸다 꾸다 냄새 나다 침대 편안하다 방안 욕조 수영장 가다 놓다 차로 놀수 욕조 완전 넓다 수영장 주변 택시 많다 택시 여행 불편하다 카카오 택시 잡히다 그렇다 세번 돌리다 잡히다 깔끔하다 시설 훌륭하다 맛있다 조식 조식 메뉴 다양하다 만족하다 투숙 비다 협소 주차 시설 공항 근처 오션 수영장 이용 대한 서비스 만족도 높다 욕조 위생 가족 일행 다치다 불상 사가 데스크 직원 상황 모르다 넘어가다 세밀 서비스 대한 만족도 실망 스럽다 조식 맛있다 제주도 느낌 물씬 메뉴 수영장 생각 작고 부유 물이 많다 조식 맛있다 옥상 수영장 객실 화장실 구석 테라스 구석 청소 상태 별로 오션 인피니티 객실 월풀 직원 친절하다 깨끗하다 컨디션 다인 가든 저녁 먹다 가다 자리 안되다 쫓아내다 홍보 할인 쿠폰 주다 가보다 기분 나쁘다 넓다 침대 깨끗하다 침구 딱하다 복도 방음 안되다 방음 약하다 수영장 조식 무조건 맛있다 풀바 비싸다 루프 직원 친절하다 루프 벌레 떠다니다 신경 써주다 아침 발코니 파도 소리 앉다 직원 친절하다 깨끗하다 난방 아주 흘리다 자다 수영장 수질 수영장 수질 신경 써주다 대단하다 편안하다 아늑하다 느끼다 바다 사진 봣을때 멀다 보이다 가깝다 둘러보기 수영장 날씨 아쉬움 조식 괜찮다 요리사 친절하다 직원 친절하다 스탠드 보기 싫다 보시 알다 조식 가격 대비 괜찮다 서비스 주변 식당 별로 차갑다 왕래 어렵다 바닷가 친절하다 직원 아침 조식 대신 투썸 레이스 이용 가능 수영장 조식 이용 해봤다 가성 청결 아주 훌륭하다 특급 수준 기대하다 시설 로비 남자 직원 결제 사람 결제 결제 죄송하다 단말 실수 고객 걸다 죄송하다 야하다 서비스 사람 운명 본인 실수 사과 기본 안되다 기분 여행 크다 소리내다 참다 직원 교육 이름 생각 알다 로비 남자 편의점 수영장 이용 단계 업그레이드 해주다 오션 스위트룸 숙박 기대하다 멋지다 설치 욕조 깔끔하다 만족스럽다 주차장 로비 들어가다 길이 계단 되어다 무겁다 갖다 내려가다 힘들다 침구 깨끗하다 스파 시설 오션 바다 등대 보이다 멋지다 직원 친절하다 방음 복도 얘기 소리 들리다 친절하다 위치 부대 시설 포근하다 따뜻하다 수영장 부수 시설 샤워실 탈의실 화장실 안내 잠자리 편안하다 에어컨 자다 나오다 스파 바다 딱하다 바라보다 바다 욕실 캡슐 커피메이커 컨디션 만족스럽다 이용 가능하다 인피니티 풀이 만족스럽다 여행 직원 친절하다 투섬 할인 한장 받다 주다 서비스 루프 수영장 정수기 가깝다 수영장 물이 따뜻하다 위치 정말 여기저기 맛집 가깝다 정말 청소 제대로 되어다 욕실 써다 용품 그대로 바닥 머리카락 돌아다니다 부분 빼다 나쁘다 딱하다 어떻다 그냥 무난 무난 괜찮다 직원 친절하다 스파 이용 노을 깜깜 보이다 아침 오션 예쁘다 욕실 샤워 욕실 문틈 사이 물이 나오다 찜찜하다 전반 가격 대비 비싸다 자다 오다 욕조 객실 객실 안이 보이다 투명 유리 오션 기기 민망하다 쓰다 되어다 객실 유리 더럽다 주차장 자리 부족하다 바다 전망 욕조 걸어가다 거리 맛있다 음식점 산책 걸어가다 마사지 가격 대비 괜찮다 이불 무겁다 베개 불편하다 먹다 김치 단연 맛있다 주변 맛집 많다 위치 퇴실 이불 커버 내부 되어다 생리 자국 보이다 넓다 면적 상당하다 불쾌하다 머무르다 박의 일정 남아 기분 상하 위해 플레인 다시다 갈다 루프 수영장 오픈 흐르다 루프 수영 깨끗하다 덜하다 튜브 즐기다 비치 되어다 인근 음식점 아침 맛있다 장도 위치 직원 친절 수풀 객실 신발장 불편하다 슬리퍼 눅눅하다 관리 제대로 안되다 바다 전망 조식 맛있다 한식 메뉴 어쨌든 맛있다 조식 감사하다 핸폰 충전기 작동 화장실 냄새 늘다 빼다 직원 친절하다 방도 수영장 자다 이용 화장실 냄새 개선 해주다 가족 힐링 위해 선택 숙소 조식 종류 다양하다 맛있다 수풀 생각 날씨 안좋다 놀다 물이 생각 따뜻하다 겨울 즐겁다 물놀이 부모님 만족스럽다 방문 싶다 주변 편의점 야식 배달 다양하다 가격 대비 괜찮다 인피니트 기대 사진 작다 아침 라면 해장국 작성 내용 수영장 보고 가다 온도 따뜻하다 오후 늦다 체크 인하다 친절하다 안내 해주다 결혼 셀프 브라 진행 넓다 방이 여야 늦다 시간대 먹다 숙소 들어가다 기전 음식 테이크아웃 가져가다 인근 편의점 닫다 고생 위치 다인 다이닝 피자 떡볶이 맛있다 직원 친절 화장실 변기 내려가다 여자친구 화장실 관리 처음 변기 머리카락 청결 객실 들다 곱다 인피니티 들다 곱다 음식 경우 만족스럽다 카나 이용 제한 된거 가격 느낌 들엇습니 수영장 이용 길다 온수 따뜻하다 비바람 불때 수영장 천장 나르다 갈다 닫다 맞다 수영 춥다 튜브 그닥 크다 세명 이서 튜브 쓰다 제한 그렇다 홈페이지 미리 명시 돼다
22,호텔 호텔 위드 제주,공항 시내 굉장하다 가깝다 인테리어 굉장하다 조식 가격 대비 평범하다 평범하다 서비스 바다 공항 비행기 이착륙 보임 배정 무료 객실 업그레이드 해주다 침구 깨끗하다 뽀송뽀송하다 방음 객실 청소 부탁드리다 아주 깔끔하다 자다 해주다 식기 상태 괜찮다 근처 이마트 오거리 교통 식사 화장실 좁다 샤워 나쁘다 변기 화장실 분리 되어다 그렇다 만하 싶다 편하다 조명도 이쁘다 아주 공항 가깝다 주변 상권 근처 맛집 편의점 많다 공항 가깝다 버스 센스 욕실 구조 여유 크기 샤워 부스 작고 수압 약하다 수기 평소 오른 요금 여행 머무르다 위치 공항 가깝다 룸상태 마음 들다 박동 매일 샴푸 부족하다 채우다 친절하다 주다 합리 가격 서비스 만족하다 가다 화장실 냄새 나다 이용 후기 가이드라인 맞다 공개 냄새 나서다 환기 방법 연락 드리다 안내 해주다 서비스 대한 만족도 높다 옮기다 쾌적하다 제주시 도시 위치 버스 외각 이동 내리다 걸어가다 걸리다 걸다 힘들다 도시 버스 이동 어려움 제주 공항 시내 위치 가격 대비 시설 괜찮다 숙소 제주 시내 맛집 주변 인프라 기억 자체 별로 연동 시내 가깝다 깨끗하다 바다 전망 그렇다 이드 주다 대단하다 고맙다 어빵 중국인 투숙 늦다 소음 불편하다 사이즈 크다 침대 푹신하다 직원 서비스 침구 정리 안되다 저녁 모르다 아침 침구 묻다 푹신하다 일회용품 씻다 리필 안되다 잇다 요청 주다 공항 가깝다 주변 식당 많다 늦다 저녁 먹기 위치 차다 침구 불편하다 베개 퀘퀘 냄새 나다 위치 가격 좋았슴 침구 먼지 많았슴 공항 가깝다 넓다 커튼 숙면 방해 시내 버스승강장 제주 복판 버스정류장 렌트 반납 돌아오다 공항 가다 버스 편리하다 주변 가게 블럭 돌다 음식점 술집 많다 놀다 들어오다 크기 룸업 해주다 건지다 더블 싱글 배정 주다 방이 크다 주차 어려움 큰길 돌다 들어가다 골목 주차 차량 많다 좁다 주차 타워 차갑다 몰리다 골목 서다 난감하다 직원 친절하다 위치 공항 가깝다 편하다 업그레이드 해주다 전경 아침 전경 멋지다 창문 자다 열리다 닫히다 에어컨 안되다 창문 열다 자다 방충 시설 되어다 모기 테러 당하다 시기 모기 많다 모르다 모기 조심하다 창문 열다 자다 공지 주다 간지럽다 사이즈 여유 편하다 화장실 하수 냄새 올라오다 프론트 직원 친절하다 한국어 어눌하다 한국어 잘못 중국어 자다 한국인 화장실 작다 중국인 단체 받다 불편하다 아마 중국 여행사 계약 맺다 싶다 아침 먹다 가다 여명 먹다 식당 중국인 가득하다 자리 시장 에어콘 작동 안되다 덥다 창문 열다 자다 시끄럽다 화장실 샤워 부스 작다 사용 힘들다 화장실 샤워 협소하 불편하다 엘리베이터 포함 시설 대화 되어다 친절하다 직원 주차 요원 시내 그렇다 전반 좁다 보임 조식 양념 강하다 컨디션 들다 조식 생각 먹다 위치 제주 시내 저녁 비행기 타고 들어가다 이용 편하다 주차 주변 공터 하필 오다 불편하다 깔끔하다 조식 보통 과일 신선하다 괜찮다 커피 맛있다 처음 청결하다 정도 지나다 청소 대충 해주다 기본 제공 녹차 커피믹스 지나다 안주 떨어지다 물병 음료수 페트병 치우다 주다 카펫 이기 먼지 나다 장기로 투숙 갈수록 먼지 생겨나다 파우더 룸처러 되어다 화장 조명 어둡다 냉장고 작다 업그레이드 감사 문의 대한 빠르다 대처 더블 베드 한쪽 베드 이불 걷다 머리카락 가닥 붙다 직원 친절하다 부도 깨끗하다 조식 잇다 위생 딱하다 제주 잡다 위치 가격 대비 공간 넓다 화장실 샤워실 세면실 효율 나뉘어지다 가격 화장실 공간 나뉘어지다 찾기 힘들다 청결하다 편리하다 체크아웃 가격 대의 숙박 위드 제주 가성 깨달 경험 방과 사이 방음 복도 방음 자다 돼다 중국인 지나다 소리 크다 아침 메이드 청소 지나다 소리 들다 항상 아침 일찍 깨다 한번 청소 떠들다 잠그다 두다 열다 들어오다 자다 보고 급하다 나가다 오전 그날 불쾌하다 넓다 아기 가기 씻다 불편하다 일회용 칫솔 나머지 시내 이마트 별로 조용하다 괜찮다 도심 가다 위치 인근 지역 이동 편하다 장점 발렛 서비스 제공 해주다 객실 깔끔하다 괜찮다 딱하다 인근 지역 면세점 중화권 관광객 이용 음식점 시설 즐비하다 주변 어수선하다 수도 공항 가깝다 주변 먹다 많다 체크 느리다 처음 사람 많다 직원 오신 안되다 객실 깨끗하다 넓다 새롭다 침구 머리카락 치약 칫솔 챙기다 야하다 구비 안되다 더블 침대 싱글 침대 트윈 나쁘다 샤워실 좁다 들어가다 나오다 힘들다 붙다 닫다 세면대 내려가다 가다 그냥 방송 스마트 티비 가능하다 샤워 가운 요청 걸리다 바다 방안 사진 좁다 어둡다 방안 걸리다 그림 산만하다 화장실 좁다 불편하다 직원 친절하다 컨디션 침대 아주 조식 나다 메뉴 가다 적다 느끼다 알차다 구성 단점 커버 개인 아쉬움 바닥 난방 공기 난방 직원 친절하다 위치 맛집 근처 교통 편리하다 정말 침구 오다 부분 해결 완벽하다 청결하다 위차 발렛 개선 딱하다 위치 번화가 가깝다 객실 깨끗하다 로비 직원 완전 친절하다 기준 숙박 저렴하다 가격 기대 정말 깔끔하다 방도 업그레이드 해주다 자다 보내다 오다 화장실 변기 샤워 부스 따다 로라 괜찮다 살짝 좁다 느끼다 룸자체 넓다 화장실 맞다 느낌 가성 직원 친절하다 예약 싶다 위치 업그레이드 해주다 주차 발렛 편하다 추하다 친절 깨끗하다 굿굿 주차 친절하다 깨끗하다 가격 대비 가성 주차장 소한 구조도 편리하다 방도 넓다 주차 해주시 편하다 항상 만족하다 숙소 가성 모든 카운터 우산 대여 서비스 이동 위치 깔끔하다 자체 넓다 주차장 찾기 힘들다 현수막 걸다 찾기 어렵다 로비 좁다 중국인 가득하다 위치 깨끗하다 편리하다 친절하다 주차장 투숙 발렛파킹 세우다 두다 주변 식당 주차 덥다 객실 업그레이드 해주다 넘다 어메니티 인용 제주 이상은 가다 갈다 묵다 항상 친절하다 편하다 예약 부탁 들어주다 노력 모습 항상 고마움 느끼다 드라이기 연결 되어다 팔이 아프다 깨끗하다 넓다 냉장고 항상 준비 해주다 가격 대비 가성 잠자리 편하다 위치 청결 친절 샤워실 좁다 미리 안내 깨끗 가성
23,호텔 제주 샬롬 호텔,편리하다 교통 뚜벅 여행 생각 깨끗하다 훌륭하다 묵다 아깝다 조식 안좋다 먹다 보지 주변 가깝다 유명하다 식당 많다 거기 해결 뚜벅 여행 이용 하고프다 동광양 버스정류장 급행버스 자다 다니다 위치 여행 조용하다 편안하다 자다 쉬다 방음 살짝 안되다 옆방 소리 아주 들리다 불편하다 정도 깔끔하다 가성 바닥 카펫 통로 좁다 캐리어 정리 불편하다 깨끗하다 친절하다 시설 청결하다 냉장고 작다 방도 크다 욕조 편리 위치 바닥 카페트 어둡다 위치 주변 먹다 많다 슈퍼 필요하다 근처 구매 가능 시장 멀다 그냥 택시 숙소 먹다 수가 아쉬움 시장 사오다 먹다 그렇다 시청 번화가 가깝다 공항 가깝다 근처 편의점 건너편 해장국 맛있다 비다 만원 다녀오다 가성 펴다 깔끔하다 위치 괜찮다 깔끔하다 가성 아주 남자 지내다 더블 침대 방이 두다 편하다 자다 주차장 내려가다 올라오다 길이 좁다 운전 서툴다 난감하다 가격 위치 시설 시장 걷기 멀다 가깝다 건너 작다 마트 주차장 입구 좁다 청소 상태 아쉬움 건물 그렇다 깨끗하다 주차장 좁다 방과 화장실 넓다 조식 별로 아주 나가다 도보 정도 걸다 음식점 공항 가깝다 내려다보다 야경 가격 대비 아주 쪼금 좁다 지나다 어렵다 위치 접근성 주차장 입구 좁다 차량 이용 불편하다 주차장 작고 입출 용이하다 바닷가 근처 가격 대비 만족스럽다 체크 맡다 주다 시내 가격 저렴하다 시내 오히려 여러 관광지 돌아다니다 적합하다 관광지 거리 멀다 번화가 가깝다 필요하다 들다 급하다 사기 제주시 보내다 추천 아침 나가다 항상 청소 요청 표시 두다 나가다 화장실 어매니티 요청 바꾸다 어차피 매니 쓰다 바꾸다 낭비 생각 굳이 요청 청소 어매니티 새다 원하다 아마 블룸 예약 업그레이드 해주다 사실 여행가 숙소 포장 해오다 먹다 재미 음식 입금 지르다 넘다 가상 넓다 주차장 입구 넘다 좁다 스크래치 뻔하다 화장실 곰팡이 냄새 나다 위치 가격 에어컨 송풍기 사이 먼지 많다 객실 기대 좁다 일부 프런트 직원 직원 동네 아저씨 태도 가지다 가성 대비 깔끔하다 주차장 입구 좁다 위치 가성 비다 일부 후기 부분 청소 상태 불량 욕실 욕조 머리카락 붙다 숙소 자체 깔끔하다 주차장 출입구 좁다 공항 가깝다 시장 가깝다 처음 이용 늘다 만족스럽다 이용 느낌 들다 가격 저렴하다 만족스럽다 친구 끼리 오다 머물다 가기 괜찮다 주차장 입구 좁다 코너 돌기 힘들엇어 운전 초보자 크다 힘들다 편의점 거리 만족하다 위치 제주시 청과 가깝다 가게 모든 가깝다 친구 제주 시청 놀다 먹다 돌아오다 바다 고층 멀리 바다 보이다 생각나다 에어컨 춥다 전체 말다 불구 조용하다 시장 멀다 제주 시청 번화가 근접 버스정류장 정문 이동 트리플 묵다 가장 도시 너머 바다 보이다 높다 건물 전망 진짜 트이다 마지막 노을 바라보다 세상 행복 가격 저렴하다 이정 가장 샤워 커튼 곰팡이 샤워 커튼 교체 바라다 바닥 카페트 끄다 검다 부분 군데군데 보이다 휴지 먼지 쌓이다 이부자리 세면대 욕조 비데 깨끗하다 보이다 시설 오래되다 보이다 청소 디테일 힘쓰다 시내 기만 시내 온돌 살짝 작다 보이다 가성 따다 괜찮다 직원 친절하다 위치 걸다 제주 시청 근처 맛집 이용 객실 좁다 화장 의자 빼다 침대 걸리다 괜찮다 뜨겁다 쎄다 수압 욕조 크다 화장실 이불 무거워 객실 업그레이드 되어다 체크 아웃 아주 신속하다 들어가다 침대 시트 자락 얼룩 보고 청소 상태 대한 전반 의심 들다 위치 완전 찾기 쉬다 공항 정도 걸리다 공항 가기 직전 묵다 화장실 깨끗하다 침구 깔끔하다 체크아웃 나오다 직원 정말 친절하다 안개 심하다 운전 조심 당부 해주다 스치다 기분 나서다 객실 냄새 나다 처음 객실 들어서다 힘들다 담배 냄새 모르다 엄마 기관지 아침 따갑다 이렇다 알다 객실 변경 요청 그렇다 주차장 들어가다 입구 정말 좁다 내려가다 장점 숙소 위치 숙소 청결 공항 근처 삼일 머무르다 단점 중앙 난방 덥다 에어컨 이용 하니 중앙 제어 단어 주차장 이용 해보다 모르다 냉장고 미리 페트병 서너 들어가다 전부일 정도 작다 참고 가격 대비 가성 주차 출입구 좁다 가성 침구 깔끔하다 청소 깔끔하다 공항 가깝다 주차장 진입 곡예 정도 좁다 진출 입시 긴장 주변 주택가 참고 주차장 진입 좁다 무척 먹다 주차장 안좋다 시내 위치 크다 지하 주차장 출입 불편하다 객실 깔끔하다 편안하다 좁다 다니다 불편하다 위치 시청 멀다 버스 구오 객실 좁다 시설 꺠끗 편안함 조식 엉망 투숙 한식 부페 깨끗하다 바다 살짝 보이다 실내 마르다 타월 위치 안좋다 샤워 불편하다 남자 한해 주차장 진입 좁다 욕조 화장 대가 한실 조명도 밝다 방도 아주 뜨다 뜨끈하다 편안하다 어른 가족 여행 어울리다 객실 주변 밥집 많다 후기 주차장 진입 심하다 좁다 한실 선택 따뜻하다 소요 되어다 한실 전망 선택 부분 그렇다 측면 건물 보이다 자다 상관 컨디션 전체 한실 경우 창문 건물 화장실 크다 욕조 미리 난방 달라 부탁드리다 아주 따다 들어오다 정히 응대 해주다 직원 감사하다 조식 형편 싸구려 한식 부페 내놓다 만오천원 받다 음식 차갑다 미지근하다 식당 춥다 오천원 짜다 정도 돼다 수준 깨끗하다 비교 넓다 객실 근처 번화가 인접 지하 주차장 진입 좁다 시설 깨끗하다 주차장 입구 출구 작다 위치 공항 근처 청소 상태 세면대 물이 내려가다 깔끔하다 펀안 직원 친절하다 청소 깔끔하다 해주시 가다 맛집 많다 렌트카 반납 편리하다 공항 가깝다 에어컨 청소 시급 해보다 공항 내외 거리 가깝다 버스정류장 뚜벅 여행자 모로 편리하다 근처 재래시장 저녁 거리 기도 숙박 가격 치다 저렴하다 전반 시설 수준 떨어지다 청결 상태 별로 박하다 첫날 테이블 묻다 자국 청소 되어다 깨끗하다 보이다 찜찜하다 만족하다 아들 조식 부폐 만족하다 늦다 체크 프론트 남자 직원 굉장하다 친절 감사 드리다 도보 내외 시청 식당가 형성 되어다 한잔 오다 위치 사기 인곳 매트리스 적당하다 푹신하다 화장실 깨끗하다 공항 가깝다 일간 머무르다 만족스럽다 공항 가깝다 택시 사이 갈다 청결하다 관리 자다 되어다 자다 사용 에어컨 자다 되어다 정말 쾌적하다 묵다 매일 아침 청소 해주다 새롭다 수건 샴푸 컨디셔너 바디 워시 비누 생수 주다 일회용 면도기 칫솔 치약 구비 되어다 시장 가깝다 다니다 편하다 직원 친절하다 편의점 나오다 좌측 가면 씨유 만족스럽다 청결 친절 만족하다 위치 룸상태 만족 첫날 체크 마스터 벌컥 열다 들어오다 당황 나누다 일회용품 생수 채우다 연락 드리다 죄송하다 단말 한번 듣기 힘들다 요구 상황 민망하다 귀찮다 대응 서비스 불쾌하다 방문 의사 청결 시설 위치 가성 훌륭하다 칫솔 치약 참고 가성 끝나다 시설 위치 컨디션 생각 어쨌든 제주시 규모 작다 다르다 비다 크다 알차다 깔끔하다 친절하다 방외 편의 시설 넓다 욕실 크다 귿귿 잠자리 편하다 도심 위치 위치 주변 맛집 널다 주차장 지하 여유롭다 새벽 들락날락 상관없다 아침 조식 먹다 객실 깨끗하다 에어콘 시원하다 자다 프론트 피드백 빠르다 서비스 물이 트리플 빌리다 인원 서비스 넣다 시설 정말 객실 상태 가격 대비 정말 훌륭하다 쇼파 만족하다 주차장 입구 출구 좁다 조식 생각 별로 어머니 편하다 쉬다 오다 급하다 예약 불안하다 감사하다 숙소 쓰다 모르다 조식 숙박 들다 제주시 근처 공항 근처 원하다 가세 깨끗하다
24,리조트 씨사이드 아덴,넓다 객실 편안함 리조트 전반 컨디션 거실 주방 침구 깨끗하다 욕실 바닥 넘다 더럽다 서리 바닥 신경 써주다 위치 가성 비다 가족 단위 여행 숙소 매일 간단 청소 진행 해주다 직원 친절하다 패밀 리스 위트 묵다 편의점 갈다 오르막 올라가다 이용 불편하다 출입문 정문 중문 해수욕장 군데 버스 갈다 불편하다 버스정류장 연결 중간 만들다 주시 위치 시설 깔다 끄다 위치 크기 들다 처음 걱정 생각 크다 들다 가다 가족 만족하다 안방 화장실 샤워 부스 분홍색 물때 비눗때 끼다 청소 해달라다 청소 말씀드리다 청소 외국인 자다 알다 들다 외출 처리 안되다 체크아웃 청소 안되다 부모님 그냥 화장실 샤워 중문 위치 마트 박물관 이용 편리하다 넓다 수납 시설 많다 편하다 침구 수건 깔끔하다 관리 해주다 매일 수건 챙기다 위치 가족 끼리 보내다 최상 조건 욕실 비누 부재 타월 부족 방이 사용 디럭스 위트 화장실 안방 배스 화장실 작은방 샤워 부스 화장실 공용 처럼 보이 화장실 개다 와인 셀러 세탁기 오븐 겸용 지라 해먹 많다 일반 마무리 한잔 나쁘다 사이즈 급하다 후다닥 찍다 사진 후지 발코니 집의 내부 전경 샤워 부스 사진 첨부 리셉션 편의점 리조트 격를 떨어뜨리다 위치 모던 세련되다 인테리어 아주 훌륭하다 숙소 베드룸 가족 편하다 지내다 오다 침구 정리 타월 매일 줍다 주차 편하다 전기차 충전 공간 욕실 샤워 부스 아래쪽 타일 물때 청소 제대로 안되다 청소 좀더 신경 쓸다 욕실 시설 훌륭하다 새집 냄새 나서다 환기 필요하다 위치 중문 근처 관광 가깝다 편안함 여행 만족 로비 응대 주시 고객 캐치 체크 가족 먼저 숙소 안내 싶다 물어 응답 만만 당황 스럽다 시설 기대 럭셔리 위치 가성 생수 매일 조용하다 주차 편리하다 기회 이용 깨끗하다 넓다 시설 침구 수건 화장실 동시 준비 바닥 보일러 들어오다 히터 다르다 건조하다 무진장 뜨뜻하다 묵다 업그레이드 더욱 만족 시스템 에어컨 여름 시원하다 행인 많다 가족 여행 숙소 생각 이용 건물 냄새 나기 그것 만족 시설 정말 깔끔하다 침구 청결하다 수건 별로 깔끔하다 위치 추하다 중문 컨벤션 가깝다 조용하다 모던 인테리어 깔끔하다 장소 베개 빵빵 베다 불편하다 넓다 중문 근처 건물 건물 냄새 가나 중문 가성 거실 쇼파 개미 쇼파 숙소 시설 전반 넓다 쾌적하다 에어컨 시설 되어다 수압 약하다 건지다 욕실 동시 사용 수압 약해지다 크기 수영장 위치 깨끗하다 넓다 청소 가다 첫날 쓰레기 치우다 일부 치우다 휴지 여분 놓다 수세미 작다 비치 놓다 행주 불편하다 숙소 청결 거실 화장실 하수 냄새 올라오다 빼다 전체 조용하다 청결하다 위치 조용하다 청소 자다 안되다 크다 바퀴벌레 나오다 위치 중문 근처 시설 이용 접근성 약시 전체 숙박 일정 일부 객실 무료 업그레이드 체크 인시 숙박 기간 전체 업그레이드 해주다 감사하다 지하 주차장 출입구 프론트 안내 표시 계단 표시 지하 들어오다 사전 안내 받다 처음 리조트 차량 진입 헤매다 가장 실망 스럽다 리조트 전기차 충전 불가능하다 제공 숙소 전기차 충전 가능하다 나오다 실제 리조트 전기차 충전기 보이다 실제 운영 단순 고장 충전 라인 자체 설치 되어다 야간 안내 조명 켜다 충전 시도 깜박 았습니 렌트 차량 전기차 고르다 밤중 숙소 충전 염두 두다 선택 인하다 근처 전기차 충전 일부러 가다 밤사이 충전 번거롭다 크다 분명하다 사전 안내 생각 숙소 수정 필요하다 방과 욕실 넓다 청소 상태 지저분하다 불쾌하다 식기 도마 사용 꺼림칙하다 상태 수세미 지저분하다 이용 식기 세척 상황 베다 푹신하다 넓다 화장실 많다 빼다 엉망 숙소 절대 가다 싶다 부킹 자주 숙박 애용 이렇다 경우 처음 겪다 중문 이동 용이 내부 스위트룸 커서 이용 최적 편의점 로비 떨어지다 이용 어렵다 꺠끗 부대 서비스 중문 색달 해수욕장 걸다 해수욕 화장실 가족 쓰기 객실 깨끗하다 주방 개미 방역 해주다 아파트 편하다 개선 비데 노즐 청소 사용 바퀴벌레 자주 나오다 기대하다 마음 상처 받다 작성 내용
25,리조트 제주 하바나 리조트,깨끗하다 리조트 위치 바다 주변 예쁘다 조용하다 맛있다 식당 카페 많다 추석 부모님 가다 부모님 만족스럽다 가성 바다 전망 욕실 물때 청소 욕실 청소 대충 홍보 바다 해안 도로 올레길 걷기 주변 가보다 맛있다 음식점 대한 주시 저녁 데스크 계시다 마스크 당황 스럽다 테라스 야외 에어컨 청소 한번 진행 해주다 에어컨 빼다 청결 상태 괜찮다 깨끗하다 방이 정도 나오다 해변 걸어가다 멀다 라인 풍경 예쁘다 한적하다 서울 힐링 다녀오다 오션 패밀리 다녀오다 방도 넓다 가족 묵다 렌트카 차갑다 접근성 주변 관광지 아주 가깝다 숙소 한번 들어가다 나오다 추천 굉장하다 친절하다 청소 상태 가격 저렴하다 크게 기대하다 깔끔하다 신경 쓸다 느껴지다 만족 숙박 오다 사장 서도 친절하다 제주 여행 이용 예정 해변 도보 정도 거리 해변 도로 해변 산책 기분 방이 따다 생각 깨끗하다 늘다 박하다 청소 부탁드리다 청소 깨끗하다 해주시 직원 친절하다 기분 제주도 여행 박동 자다 지내다 가다 만족 냄비 사이즈 똑같다 치약 행주 거도 사다 불편하다 직원 친절하다 거실 넓다 바다 보이다 트이다 경치 스파 욕조 작동 안되다 욕실 커턴 블라인드 불편하다 편안하다 잠자리 난방 완벽하다 바닷가 보이다 숙소 바닥 부분 잠자리 편하다 수영장 데리다 놀다 객실 취사 가능하다 원하다 마트 서다 저녁식사 해먹 어도 오션 사실 바다 보이다 살짝 실망 대부분 숙소 일회용품 구비 되어다 여기다 일회용품 구매 조용하다 위치 안락하다 휴가 보내다 청소 상태 안좋다 식기 서랍 열다 라면 찌꺼기 보고 기겁 달라지다 바다 정말 프론트 다양하다 메뉴 주문 가져다주다 서비스 매점 식품 종류 다양하다 구비 되어다 점도 근처 까페 가깝다 식당 몰리다 걸어가다 애매하다 간판 입구 보이지 찾기 힘들다 직원 상당하다 친절하다 관광 안내 해주다 친절하다 체적 청결하다 수압 쎄다 오션 예쁘다 린스 샴푸 바디 칫솔 치약 당황 스럽다 희다 미리 챙기다 다행 편의 시설 미리 숙소 갈다 야하다 창문 열기 상당하다 뻑뻑 오션 취사 시설 욕실 수압 수온 상태 청소 만족스럽다 그냥 오래되다 정도 가성 숙소 주다 말다 불편하다 돌고래 보이다 눕다 바다 보기 파도 소리 듣기 프론트 부재 조용하다 아주 청소 부족 바다 오션 가격 친절 세탁 무료 이용 가능하다 낡다 깨끗하다 기류 종류 별로 많다 식용 침구 불편하다 깨끗하다 바다 이쁘다 청결하다 위치 정말 객실 바다 전망 탑층 정말 액자 돌고래 대요 전반 시설 낡다 다르다 그렇다 왠만하다 찢어지다 레자 슬리퍼 바꾸다 지나다 참다 힘드다 옆방 꿈치 걸다 다니다 소리 사람 나누다 대화 들리다 정도 벽간 소음 심해 말다 베란다 흡연 투숙 만나다 바다 나무 바닥 갈라지다 부분 수리 시설 물이 낡다 그렇다 부분 더욱 대체로 만족하다 가격 대비 시설 청결 만족스럽다 창가 닫히다 대도 춥다 그날 바람 유독 불다 그랫기 난방 정말 자다 돌아가다 덥다 자다 테라스 보이다 상당하다 아름답다 편의점 쓰다 편의점 이용 편리하다 보이다 객실 온천 사용 경험 가성 숙소 여름 수영장 이용 싶다 위치 바닷가 바다 전망 넘다 주변 즐기다 거리 안내 해주다 친절하다 가격 대비 넓다 방음 안되다 간단하다 음식 조리 먹다 전자렌지 해안 도로 깔끔하다 편입 숙소 조용하다 자다 가다 침대 헤드 먼지 살짝 쌓이다 넓다 보이다 바다 전망 아주 근처 맛있다 음식점 예쁘다 카페 많다 수영장 유료 당일 숙박 특가 가격 대비 크다 예약 가성 간단하다 조리기구 기류 갖추다 놓다 편리하다 인덕션 자다 냉장고 성능 얼음 만들기 숙소 바닷가 일몰 아침 풍경 멋지다 체크 물다 주변 맛집 리스트 주신 서비스 부킹 특가 가장 저렴하다 욕조 만원 비싸다 욕조 딸리다 예약 욕조 배정 해주다 두번째 잘못 주다 말씀드리다 세번 바꾸다 욕조 하니 블룸 원래 욕조 예약 페이지 보이다 드리다 디럭스 블룸 모르다 특가 모르다 가격 보고 당연하다 블룸 잘못 주다 당황 스럽다 기도 숙소 가다 민망하다 올라가다 욕조 벽면 욕조 정비 인하다 사용 불가하다 대신 서비스 노래방 스파 수영장 택일 제공 적히다 나가다 문의 묵다 물이 나오다 문제 라면 물다 제거 거나 사전 안내 월풀 욕조 보기 문제 욕조 내부 보수 흔적 실리콘 떨어지다 수도꼭지 고정 상부 타일 거림 가다 보이다 사용 불편하다 후기 소음 문제 보고 가다 어딘가 다다다 뛰어다니다 소리 나다 예민하다 힘들다 수도 모기 마리 모기향 보증금 만원 대여 천원 대여 늦다 번거롭다 대여 수압 겁나다 침대 눕다 베란다 아침 리조트 주방 냉장고 리터 짜다 조식 가구 낡다 젊다 친구 카페 식당 해안 따르다 예쁘다 조성 되어다 시내 접근성 성산 아주 가깝다 넓다 머무르다 편하다 리조트 편의점 닫다 근처 편의점 음식점 거리 때문 차갑다 번거롭다 수도 스파 편의점 제공 시설 많다 생각 트이다 나중 오래되다 건물 모델링 건지다 화장실 가구 오래되다 보이다 부분 친절하다 프론트 가격 대비 시설 전망 일부 시설 손잡이 고리 샤워 수리 필요 위치 일부 자리 받다 일찍 출발 주다 높다 머물다 경치 아주 모든 창문 경치 비다 그렇다 난방 올라가다 처음 춥다 따스하다 자다 편하다 지내다 소파 불편하다 낡다 싶다 욕실 시설 파손 되어다 저렴하다 깨끗하다 비수 기르다 부대 시설 운영 프론트 직원 불편 풍경 펜션 느낌 편의점 닫다 직원 퇴근 새벽 갈증 나다 편의점 알아보다 직원 퇴근 퇴근 되어다 버리다 편의점 슈퍼 주차공간 소하 방문 거실 나누다 어지 건지다 리조트 펜션 느끼다 해안 위치 위치 청소 관리 가족 끼리 가기 한적하다 조용하다 야외 수영장 가족 단위 휴가 묵다 야식 괜찮다 에어컨 빵빵 엄청나다 자다 나오다 쉬다 의자 개도 스툴 의자 앉다 불편하다 욕실 수건 냄새 나다 난방 위치 가격 환기 이상하다 집의 음식 냄새 숙소 들다 오다 인지 모르다 밤새 배관 흐르다 소리 소음 나다 숙소 위치 생각 나름 새벽 음악 시끄럽다 한참 깨다 기억 나다 인지 로비 흘러나오다 건지다 정확하다 모르다 제지 사람 한참 시끄럽다 프론트 전화하다 그만하다 마음 참고 잠들다 위치 변기 장난 불편하다 가격 위치 숙소 프론트 소음 심해 프론트 넘다 전화 응답 소음 유발 객실 찾아가다 자제 요구 새벽 두시 쿵쾅 쿵쾅 새벽 반납 숙소 이동 실내 가구 오래되다 벗겨지다 코팅 시트 벗겨지다 심하다 린넨 빵꾸 시트 커버 실밥 나오다 개선 조용하다 휴식 보장 성산일출봉 대의 가격 비다 어메니티 떨어지다 예약 당시 가격 놓다 정도 가격 주방 딸리다 리조트 예약 자체 가성 높다 직원 친절 해변 산책 거나 구경 넓다 크기 방음 옆방 말소리 사랑 나누다 소리 소음 시달리다 옮기다 옆방 말소리 사랑 나누다 소리 때문 정도 설치다 이웃 잘못 걸리다 밤새다 시끄럽다 소리 소리 시달리다 리조트 단체 손님 많다 상당하다 소란스러움 인테리어 한번 모델링 고려 정돈 되어다 여기저기 가구 끄다 낡다 흔적 그대로 유지 예술 벌레 많다 고해 취소 고민 모기 모기 객실 넓다 머무르다 연식 보이 관리 제주도 가게 머물다 예정 전자레인지 정말 바다 가깝다 가성 생각 훌륭하다 직원 서도 친절하다 돌고래 머물다 딱하다 장점 이용 거실 화장실 스파 구성 평이 엄청나다 넓다 보통 숙소 경우 사진 일부러 넓다 찍다 하바나 리조트 과장 그대로 진보 그대로 넓다 시설 느끼다 건지다 모르다 깔끔하다 세련되다 느낌 첫인상 프론트 엘리베이터 복도 숙소 내부 전체 깔끔하다 샤워 기다 퓨어 샤워 필터 깨끗하다 나오다 보고 기분 이용 수건 챙기다 수건 매일 주다 바다 전망 선택 아침 일어나서 창문 보고 숙소 나가다 분위기 숙소 카페 바다 힐링 곱다 직원 친절하다 첫날 도착 설명 친절하다 해주시 주변 관광지 적히다 종이 줄다 나가다 숙소 근처 일장 행사 설명 해주다 주변 맛집 추천 해주다 직원 분다 친절하다 설명 해주다 체크아웃 택시 기다리다 춥다 따뜻하다 차도 주시 단점 샤워실 물이 자다 내려가다 크게 신경안 써다 정도 리뷰 딱하다 신경안 쓰이다 정도 스파 시설 이용 건지다 모르다 냄새 심하다 굳이 단점 적자 식탁 가다 정도 개인 후기 제주 날씨 추다 덥다 보일러 끄다 창문 고자 추다 느끼다 춥다 리뷰 렌트 살이 렌트 대부분 안되다 연령 렌트 가격 나가다 그냥 택시 이용 공항 시장 버스 타고 시장 쇼핑 하바나 리조트 오다 택시 비다 천원 정도 나오다 소요 렌트 차갑다 접근 힘드다 버스 타고 제주시 하바나 리조트 보통 정도 걸리다 추가 주변 배달 음식 곳도 안되다 배달 민족 군대 뜨다 리조트 제공 해주다 배달 포함 군대 리조트 버스정류장 성인 남성 걸음 정도 소요 된거 직원 친절하다 큼직큼직하다 바다 일출 보기 보일러 약하다 온도 높이다 추다 바닷가 풍도 쎄다 위치 아름답다 저렴하다 가격 묵다 침대 편하다 제공 해주다 유용하다 친절하다 자다 가다 욕실 물이 자다 빠지다 난감하다 오래되다 건물 외관 모델링 바닥 장판 일어나다 커튼 오염 되어다 전체 상당하다 깨끗하다 친절하다 방이 넓다 오션 끄다 멀다 예쁘다 방도 크다 침대 넘다 편하다 화장실 깔끔하다 넓어욤 식기 사용 더럽다
26,호텔 탑스텐 빌라 드 애월,애월 바닷가 근처 위치 위치 객실 바다 살짝 일출 보이다 온돌룸 묵다 객실 크기 크다 방도 욕실 사용 실내 난방 절기 살짝 올리다 자다 따뜻하다 이불 세트 수건 넉넉하다 옷장 제습기 건조대 사용 빨래 자다 말리다 전날 숙소 방음 안되다 신경 쓰이다 여기다 사람 싶다 조용하다 마주치다 직원 들다 친절하다 마당 순하다 이쁘다 넓다 쾌적하다 깨끗하다 아침 비행기 미리 해산물 쇼핑 냉장고 약하다 생선 냄새 객실 냉장고 배다 맡기다 달라 거절 늘다 아쉬엇음 가성 비갑 침구 상태 오션 넓다 공간 만족스럽다 거실 가다 작동 안되다 상태 빌라 형식 내부 넓다 쾌적하다 아침 조식 가격 대비 훌륭하다 조식 생각 넘다 친절하다 정갈하다 한식 차다 기억 남다 깨끗하다 한적하다 화장실 샤워 부스 방이 연결 커튼 가족 끼리 가다 민망하다 가성 럭셔리 방이 주변 걸다 이용 시설 크기 넓다 로비 전자렌지 유용하다 사용 햇습니 개월 유아 추가 요금 받다 침대 넓다 편하다 수영장 물이 차갑다 이용 방이 넓다 편안 햇음 커피 욕실 바닥 미끄럽다 타일 미끄러지다 뻔하다 산책 바닷가 위치 비교 넓다 객실 적당하다 규모 수영장 마음 드네 본관 로비나 조식 식당 맞다 이동 편리 과거 비다 시설 낙후 나쁘다 정도 조식 식당 직원 부족하다 음식 공급 원활 애월 해안 도로 위치 아침 저녁 산책 조식 생각 조식 부대 시설 부족 오션 한라산 공간 넓다 가족 끼리 사용 불편하다 화장실 사용 시트 지로 나름 가다 두다 가족 뭔가 조치 필요하다 에어컨 곰팡이 냄새 나서다 방이 넓다 주차 앞쪽 생각 오래되다 숙소 느낌 깨끗하다 청결하다 컨디션 주변 경관 멋지다 조용하다 쉬다 상시 데스크 직원 부족 체류 기간 무직 체크 오다 아무 안내 받다 위해 십분 기다리다 동일하다 이유 인지 가끔 연결 참고 부탁드리다 차량 등록 등록 해주다 건지다 문의 그냥 넘어가다 건지다 체크 위해 처음 가다 차단기 자동 열리다 체크 이후 입구 인터폰 누르다 확인 차단기 열리다 하루 오다 창문 열다 기다리다 차갑다 젖다 불편하다 조식 조식 맛있다 자다 먹다 예전 가격 제공 되어다 성인 가격 받다 침대 안전 가드 부재 머물다 되어다 예약 당시 요청 사항 침대 안전 가드 필요하다 체크 인시 안전 가드 아예 얘기 듣다 침대 높다 어리다 떨어지다 다치다 위험 구비 생각 위치 크기 야외 수영장 조식 분명 당일 주문 미리 예약 그게 숙소 넓다 아침식사 맛있다 위치 전망 깨끗하다 작다 부엌 딸리다 역할 그릇 위치 나름 독특하다 데코 세월 흔적 남아 낡다 느낌 빼다 정원 재미나 꾸미다 놓다 새다 개도 예쁘다 순하다 체적 만족하다 대체 모기 마리 잡다 새벽 왱왱 숙소 숙소 밤잠 설치다 알다 저녁 먹다 가면 모기향 켜다 나가다 위치 가성 의미 모르다 인테리어 컨셉 가구 배치 직원 상당하다 친절하다 청결 오래되다 시설 월향 조식 맛있다 숙소 생각 작다 쓰기 불편 오픈 화장실 불편하다 바닥나다 방이 따뜻하다 전자렌지 로비 불편 침구 살짝 꾸다 꾸다 바닥 난방 하니 괜찮다 위치 가성 화장실 샤워실 에어컨 빵빵 나오다 가격 크기 진짜 단점 소파 쇼파 불편하다 디스크 오다 여러가지 편안하다 가족 여행 묵다 패밀리 스위트 거실 침대 편안하다 아침 조식 한번 먹다 할머니 계시다 한식 먹기 괜찮다 수영장 이용 마음 들다 청소 상태 별로 커피잔 유리잔 얼룩 많다 지워지다 누르다 붙다 욕실 어메니티 먼지 얼룩 지다 안쪽 욕실 사용 세면대 먼지 돼다 많다 객실 넓다 침대 안락하다 자다 쉬다 수영장 수질 관리 자다 되어다 기본 화장품 불편하다 침대 충분하다 여유 숙박 내부 설비 시설 넓다 쾌적하다 동반 가족 여행 딱좋다 아기 수영 오다 이용 미온수 운영 에어컨 침대 춥다 침대 위치 바꾸다 야하다 애월 바닷가 가깝다 위치 접근성 침구 음식물 흔적 묻다 청결하다 떨어지다 위층 소음 고스 느껴지다 늦다 계속 답답하다 넓다 깔끔하다 바닥나다 방이 안되다 친절하다 위치 괜찮다 화장실 냄새 나다 인원 추가 비용 내다 이불 추가 비용 받다 이불 부스럭 거려 못자다 조용하다 넓다 공간 음식 해먹 생각 괜찮다 시설 조용하다 배정 받다 주차 편하다 해안 도로 날씨 가면 산책 방이 나름 오션 넓다 깨끗하다 수영장 사이즈 괜찮다 관리 자주 오다 가다 그렇다 상태 방이 넓다 정수기 로비 뜨겁다 이용 사진 방이 넓다 침대 들어가다 공간 아주 넉넉하다 변기 욕조 세면대 분리 되어다 놔두다 작다 방이 캐리어 놔두다 방도 깨끗하다 수건 채우다 아주 만족스럽다 휴지통 비닐 씌우다 두다 작년 가보다 딸아이 좋아하다 올해 예약 조식 정갈하다 맛있다 들다 내년 갈다 예정 조식 추하다 식사 둘레길 즐기다 딱하다 조식 넘다 맛있다 생일상 받다 기분 직원 친절하다 침실 도로 만족 햇습 화장실 복도 조명 어둡다 춥다 맛있다 비싸다 넓다 숙실 완전 청결하다 시설 깔끔하다 조식 친절하다 직원 접근성 떨어지다 편의점 살짝 아쉬움 가성 넓다 발코니 욕조 넓다 화장실 베드룸 화장실 토탈 인테리어 중국 방도 넓다 침대 넓다 아침식사 만족하다 강아지 귀엽다 차갑다 찾아가다 힘들다 전날 피곤하다 조식 먹다 단일 구성 메뉴 괜찮다 보이다 딱하다 야외 수영장 편의점 간단하다 먹거리 팔다 정수기 조용하다 기다 넓다 편하다 시원하다 쾌적하다 만점 작년 조식 뷔페 정식 나오다 비다 먹다 넓다 친절하다 근처 편의점 가깝다 바다 보이 주차장 넓다 완벽하다 애기 추천 작년 조식 뷔페 애기 먹다 정식 그게 상당하다 만족스럽다 식사 늘다 리모콘 작동 자다 안되다 위치 셋탑 불편하다 넓다 쾌적하다 방도 넓다 침구 깨끗하다 여행 좋아하다 바다 새벽 체크아웃 커튼 여니 일출 수건 여유 깨끗하다 조용하다 별로 잠자리 편하다 시설 편안하다 수영복 말리다 트레이 좋앟어 조식 완전 별로 가격 저렴 싸다 깨큿해 욕조 저렴하다 조식 가격 대비 만족하다 인원 대비 수건
27,호텔 테디밸리 호텔,조용하다 청결하다 직원 친절 시설 고급 수풀 일품 클럽 하우스 식사 훌륭하다 가성 수퍼 가성 숲속 끝내주다 아주 조용하다 별장 느낌 숙소 강추 생각 크기 크다 들어가다 코로나 방역 종이 걸리다 더욱 안심 조용하다 주변 환경 도심 떨어지다 아주 편안하다 휴가 보내다 오히려 나가다 싫다 최대한 끌다 음식 비싸다 나가다 먹다 깨끗하다 안좋다 주변 먹거리 볼거리 가깝다 차갑다 문제 안되다 방이 넓다 쾌적하다 수영장 나름 좀더 크다 상점 공간 넓다 편임 로비 근처 많다 자유롭다 읽다 느낌 수영장 작고 객실 떨어지다 뷔페 위치 롯데 편안하다 멋지다 테디베어 인형 매다 인테리어 돋보이다 이용 객실 넓다 침대 더블베드 가족 만족스럽다 물이 지하수 매끄럽다 피부 좋아지다 온천 찾아가다 필요 정도 주변 조용하다 한가롭다 푹쉬다 휴양 여행 적합하다 생각 두번째 숙박 방문 의사 프로 화장실 냄새 나다 난방 소음 거슬리다 자다 미리 난방 끄다 자다 단열 인지 추가 난방 전혀 추다 잠자리 생각 편안하다 아침 식이 맛있다 곶자왈 숲속 위치 창밖 보이다 풍경 이어진 숲속 환상 건물 크다 객실 많다 인지 조용하다 한가롭다 오다 객실 넓다 침구 깨끗하다 만족 수질 매끄럽다 웬만하다 온천 나다 저녁 골프장 산책 참으로 멋지다 장소 클럽 하우스 조식 쏘다 쏘이다 식당 산방산 숲속 보이 설계 정점 경험 한가지 곶자왈 산책로 이정표 길이 나무 막히다 사라지다 산책 신경 써주다 많다 도움 생각 저녁 아침 식사 만족 이용 적다 썰렁하다 조식 뷔페 식이 안타깝다 예쁘다 구성 박하다 방음 생수 기본 기본 생각 들다 추가 보급 안되다 사서 먹다 당황 안락 쾌적 골프장 클럽 하우스 음식 매년 올라서다 무섭다 작다 커피 헐다 정말 맛있다 비싸다 먹다 들리다 기억 가지 가다 딱하다 푹신하다 시트 때문 숙면 전경 아름답다 그리다 넘다 들다 직원 친절하다 뚜벅 여행 정도 얼굴 보이 물어보다 웃다 친절하다 대답 해주다 넘다 여자 남자 쵝오 조식 제주 여행 고려 추하다 테디 베다 제주 중간 정도 위치 이동 용이하다 조용하다 깨끗하다 친절하다 배려 해주다 지배인 덕분 여행 내내 편안하다 쉬다 지배인 감사 드리다 방문 의사 가성 방도 넓다 편임 위치 만족 얼음 지르다 프론트 가야 부붓 직원 예약 내용 식사 포함 미숙 지하 조식 먹다 장소 경치 정말 훌륭하다 테디 여기저기 행복하다 중심지 뜨다 지다 조식 먹다 건너편 건물 가야 경치 주변 환경 조용하다 편임 시설 자체 비교 펴다 직원 서비스 개선 필요하다 골프장 고객 중심 서비스 운영 느낌 받다 조식 산책로 대한 응대 서비스 미흡하다 투숙 고객 대한 친절 배려 요구 아늑하다 조용하다 분위기 부대 시설 미비하다 개선 산책로 정비 제공 골프장 위치 숲속 관계 조용하다 습하다 관계 벌레 많다 지네 왕거미 아기 좋아하다 테리 밸리 인형 조식 정말 최악 설렁탕 짜다 미역국 비릿 전체 조식 정말 숙소 위치 조용하다 침대 시트 기존 사람 이용 묻다 핏자국 그대로 남다 편의 시설 멀티 무비룸 기존 가라오케 장소 그냥 기다 운영 느낌 실제 운영 직원 부족 실제 운영 지하 오락 시설 귀신 나오다 느낌 야외 수영장 사진 보여주다 올려놓다 실제 부실하다 운영 차갑다 물질 떠다니다 쾌적하다 조용하다 편안하다 쉬다 와인 오프너 관광지 멀다 이동 편리하다 방이 넓다 조용하다 아침식사 골프장 숙소 녹지 많다 시내 서귀포시 중문 접근성 직원 친절하다 생각 방이 넓다 쾌적하다 수영장 운영 짧다 인근 걸어가다 편의 시설 점도 불편하다 조용하다 쾌적하다 환경 아기자기하다 테디베어 곳곳 특별하다 인상 받다 작성 내용
28,호텔 골드원 호텔&스위트,방도 넓다 조식 괜찮다 다양하다 친절하다 깨끗하다 시설 수풀 스파 가져다주다 조식 꿀맛 갈다 엄마 가다 만족 만족 진입 입구 쉬다 띄다 조식 신청 방문 신청 해보다 모닝 수영 지내다 오다 직원 친절하다 시내 위치 이동 깔끔하다 컨디션 수풀 친절하다 직원 층임 탁트인 바다 시설 깨끗하다 코로나 조식 신청 위치 편의 시설 떨어지다 조용하다 바다 보이다 객실 인피니티 자쿠지 제트 스파 욕조 바다 거품 목욕 베란다 소파 브랜드 정말 필요하다 주차 공간 부족하다 지상 주차장 지하 주차장 렌트카 익숙하다 상태 주차 어렵다 수영장 운영 짧다 아침 일찍 수영 일출 보고 싶다 오픈 깨끗하다 침대 편안하다 욕조 전망 수영장 직원 친절하다 방문 덕분 즐겁다 휴가 보내다 오다 미니바 대신 룸서비스 맛있다 괜찮다 위치 서귀포 위치 코로나 조식 룸서비스 해주다 인터넷 후기 안좋다 망하다 가다 후기 다르다 지인 추천 숙소 방이 깔끔하다 침대 편안하다 필요하다 물품 자다 구비 되어다 주차장 넓다 패밀리 예약 인용 침대 인용 침대 인용 침대 쇼파 엑스트라 베드로 구성 되어다 침구 편하다 꿀잠 욕조 시설 굳다 굳다 박다 조식 제공 부페 식이 객실 올려주다 요즘 부페 꺼리다 욕조 커트 투명하다 뚜껑 발견 돼다 투숙 사용 청소 확인 돼다 핵심 하드웨어 객실 컨디션 제주 수준 무방 신라 롯데 신화 메리엇 비교 자쿠지 룸안 독립 공간 환기 습기 가다 인상 멀리 보이다 범섬뷰 산책로 올레 따르다 내려가다 정글 지나다 호젓하다 근사하다 카페 날수 수영장 온수 역시 뜨끈하다 벳부 유명 수영장 느끼다 모기 마리 오디 들어오다 시국 시국 인지 조식 뷔페 직접 서빙 해주다 룸서비스 오후 끝나다 수영장 타일 커버 접착제 물속 뜨다 다니다 개인 골드 정말 롱런 딱하다 굳이 꼽자 수압 정도 찾다 조식 맛있다 저녁 치킨 룸서비스 룸욕조 깨끗하다 숙소 호텔리어 친절 만족 주위 추천 싶다 워터 풀이 고장 나다 체크 해보다 야하다 아침 오른쪽 빨갛다 빌라 쓰레기 태우다 냄새 나다 맑은 공기 쐬다 닫다 유심 관찰 이웃 이야기 수영장 가다 바닥 미끄럽다 수영장 위치 가격 대비 시설 호텔리어 친절하다 방문 의사 불편하다 풀이 만족스럽다 방안 스파 욕조 바다 담그다 힐링 객실 썻는데 수압 약하다 야외 풀이 객실 스파 욕조 방이 넓다 이벤트 기간 박다 조식 쿠폰 치킨 룸서비스 가능하다 맛있다 전체 깔다 끄다 야간 수풀 이용 사전 요청 아기 침대 침대 가드 미리 객실 준비 주신 덕분 아기 편하다 지내다 아기 침구 거즈 이불 유용하다 사용 객실 넓다 쾌적하다 오픈 한지 되어다 가구 쇼파 바닥 카펫 얼룩 깨끗하다 아침식사 가짓수 많다 알차다 구성 이틀 맛있다 먹다 진행중 이벤트 감자 튀김 먹다 룸서비스 메뉴 가격 대가 비싸다 괜찮다 마주치다 직원 친절하다 어리다 아기 여행 숙소 고민 많다 덕분 편안하다 여행 육아 간만 힐링 중순 지나다 오전 들어오다 햇살 뜨겁다 프론트 냉방 요청 드리다 난방 돌리다 상태 냉방 어렵다 답변 받다 아침식사 로비 식당 냉방 냉방 안되다 더위 추위 느끼다 개인 차갑다 크다 부분 가능하다 도리 운영 해주다 수영장 이용 볼때 청소 자다 보고 청결 신경 쓸다 보기 직원 친절하다 숙소 날씨 만족하다 맛있다 자다 먹다 별로 럭셔리 객실 멋지다 인테리어 높다 천장 안락하다 침대 판타스틱 바다 아름답다 산책길 운치 수영장 오다 딱하다 근처 가볍다 산책 조용하다 오션 멋지다 구석 구석 오염 되어다 위치 차량 서귀포 올레 시장 한라산 어리다 코스 소요 기준 만족스럽다 위치 직원 친절하다 조식 무난 펴다 오션 객실 묵다 전망 예술 위치 스파 욕조 즐기다 정말 침구 객실 위생 느껴지다 겨울 방문 수풀 깔끔하다 운영 자다 이용 룸서비스 치킨 해시 브라운 먹다 훌륭하다 주차장 도보 정도 거리 트이다 전망 보고 인생샷 건지다 스팟 시야 가리다 주변 즐기다 거리 많다 어떻다 단점 수도 하룻밤 사이 모기 마리나 나오다 중간 깨다 룸서비스 이용 알다 번호 전화하다 계속 받다 프론트 전화하다 처리 해주다 직원 친절하다 새롭다 깨끗하다 수영장 전등 주차장 아침식사 아기 호캉스 즐기다 튜브 바람 채우다 편하다 어매니티 전체 크기 객실 주차장 수영장 작다 보이다 샤워 수압 약하다 에어컨 이상하다 설정 온도 안되다 단계 꺼지다 계속 단계 틀다 방문 식구 가격 낮다 객실 넓다 안락하다 객실 훌륭하다 추후 방문 의사 주변 걸어가다 부족하다 방이 넓다 마사지 수영장 수풀 조그마하다 나머지 따뜻하다 물의 수영 장임 코로나 인하다 조식 서비스 배달 기대하다 오다 도착 월요일 식당 운영 갑자기 바뀌다 방안 넓다 테이블 작다 활용 어렵다 수영장 수풀 조그마하다 인용 정도 온수 나머지 그냥 일반 수영장 솔직하다 만원 주다 머물다 야하다 모르다 만원 정도 적당하다 냄새 소리 질리다 묻히다 방음 안되다 내리다 소리 크게 들다 스위트룸 안쪽 화장실 냄새 심하다 모텔 그렇다 방이 진짜 크다 자쿠지 깨끗하다 완전 만족 수영장 생각 커서 수영 실컷 로비 시설 생각 작다 조용하다 동시 멀다 화장실 하수 냄새 플레인 넣다 교체 해주다 듣다 아침 외출 들어오다 교체 준비 돼다 로비 기다림 차후 서비스 굉장하다 넓다 침대 크다 수영장 자유롭다 이용 튜브 정도 위치 바다 허름 건물 아름답다 풍경 수영장 수심 낮다 최대 깊이 정도 어른 놀다 룸서비스 레스토랑 전화 받다 프론트 통해 연결하다 재료 소진 주문 불가하다 배달 음식 안되다 편의점 가다 라면 먹다 카페 상주 인원 프론트 이야기 주문 사람 계속 자리 비우다 두다 박하다 환경 위해 욕조 바닥 수건 놓다 교체 해주다 수건 찾다 바닥 두다 나가야 번거롭다 수기 비싸다 주다 묵다 정도 비용 분명 오픈 한지 안되다 시설 노후 흔적 발견 나쁘다 안좋다 기억 방문 최악 오다 숙소 자쿠 침대 매트리스 조식 직원 친절 야외 수영장 넘다 훌륭하다 수영장 깊이 깊다 수영장 길이 길다 가격 대비 바라보다 이쁘다 직원 친절 높다 장마 기간 기다 들어가다 춥다 수풀 수영 오다 시경 화재경보기 울리다 소량 챙기다 모르다 나가다 피하 소리 커서 대피 나다 싶다 엘레베이터 타고 내려가다 화재 경보 울리다 나오다 물어보다 나가다 오늘 이렇다 어요 역시 가다 화재 경보 잘못 울리다 죄송하다 말씀 해주다 대피 대략 넘다 이렇다 모텔 하루 종일 대처 안되다 싶다 원인 여쭈다 찾다 울리다 원인 찾다 울리다 그냥 끊다 건가 싶다 요즘 시국 짜다 안전 점검 미흡하다 올라오다 자다 눕다 안내 마이크 켜다 직원 잡담 소리 나이 들다 뭐라다 뭐라다 웃다 마이크 켜지다 모르다 나누다 대화 거기 화가 나다 화재 보도 모자라 밤중 그렇다 실수 니요 학교 대화 원인 찾다 대화면 모르다 잡담 웃다 소리 심각하다 비웃다 느끼다 남편 프론트 전화하다 소리치다 말리다 직원 친절 높다 친절 결과 화재 경보기 그렇다 무언가 여쭈다 알아보다 말씀드리다 넘버 물다 돌아오다 결과 평생 그냥 그렇다 말다 컨디션 자다 귀걸이 때문 흘리다 침구 달라 카드 올리다 가다 베개 이불 뒤지다 놓다 생각 건지다 발견 건지다 모르다 문제 유지 폭풍전야 깨끗 편안 자쿠 굳다 굳다 수영장 청결하다 수영장 사람 별로 룸서비스 치킨 양은 적지 맛있다 주변 올레길 코스 둘러보다 오다 추천 조식 가격 대비 이하 수영장 유명하다 조식 경험 그렇다 음식 종류 한정 음료 다과 부분 종류 딱하다 별로 천원 덥다 수영장 유명하다 조식 먹다 조식 남다 불구 부족하다 음식 미리 미리 채우다 부탁 채우다 그치다 음식 좋아욤 작성 내용
29,리조트 켄싱턴리조트 제주한림,대가족 이서 묵다 깨끗하다 불편하다 친절하다 냄새 나다 낡다 후기 걱정 그렇다 완전 만족하다 수건 한장 교환 가야 번거러움 코로나 때문 음료 안해 공항 가깝다 주변 관광지 많다 가격 합리 바다 보이다 산책 직원 아주 친절하다 추가 인원 대한 조식 할인 해주다 기분 먹다 머물다 가다 건물 낡다 가격 대비 훌륭하다 시설 생각 직원 친절하다 아침 조식 만족스럽다 내부 시설 드하 쇼파 더럽다 가성 만족 아침 식사 소박하다 만족 주오 투숙 배치 적다 인원 친절하다 써비스 감사 내부 노후 시설 이해 쇼파 아래 바닥 청소 부족 낡다 크다 기대 방문 예상 직원 친절하다 현관문 전체 낡다 열다 닫다 불편하다 가성 대비 넓다 쾌적 바닷가 산책 바다 전망 해변 도로 거리 협재 해수욕장 예쁘다 해변 마을 힐링 숙소 주요 관광지 거리 숙소 즐기다 거리 아쉬움 도서관 지엄 기대 이하임 위치 애월쪽 위치 애월 찾다 숙소 찾다 싶다 컨디션 별로 쓰레기 치우다 화장실 드럽다 리조트 이름 아깝다 전복죽 신선하다 키즈 불고기 진짜 주다 먹다 아깝다 쏘다 쏘다 김치찌개 진짜 조식 신청 후회되다 데스크 직원 친절 기대다 융통성 제로 앵무새 형식 응대 다시다 갈다 애월쪽 위치 정말 애월 찾다 싶다 숙소 방이 차다 침대 좋아하다 한실 좋아하다 가족 나누다 자다 전망 바다 보이 깔끔하다 프론트 직원 친절하다 오다 근처 식당 안보 저녁 시내 나가야 저녁 식사 돼다 조식 나다 직원 친절하다 시설 낡다 위치 시설 노후 프런트 직원 안내 설명 친절하다 조식 프로모션 품질 괜찮다 숙소 잠금장치 열쇠 대신 카드 바뀌다 편리하다 가격 합리 조식 위치 조식 굉장하다 맛있다 저렴하다 가격 정말 무인 편의점 멀리 나가다 필요 전기차 충전 소도 나중 친구 끼리 그냥 먹다 자다 갈다 유일하다 단점 오래되다 건물 그렇다 모르다 살짝 냄새 나다 낙후 느낌 지우다 청결 제일 중요시 여기다 연인 추천 방이 정말 넓다 때문 가족 단위 친하다 친구 끼리 옛날 오다 느낌 오다 대다 만족하다 겁니다 위치 담배 냄새 나다 숙소 위치 오래되다 건물 자다 관리 느낌 편하다 오다 시설 노후 되어다 아침식사 숙소 낡다 보수 필요하다 보이다 가성 위치 청결 상태 조용하다 지저분하다 오래되다 느낌 아쉬움 나름 시즌 가격 비싸다 조리 가능하다 해안 도로 가깝다 산책 괜찮다 모델링 열쇄 열다 나무 샤시 직원 나름 친절 인기 숙소 그렇다 관리 온수 자다 나오다 수건 추가 추가 받다 여행 숙소 처음 시설 켄싱턴 생각 안되다 적당하다 타협 괜찮다 가격 저렴하다 고객 응대 친절하다 거실 쇼파 박하다 불편하다 조식 북킹 완전 내용 다르다 가시 인원 조식 포함 숙소 선택 숙소 권유 낡다 벽지 미흡하다 청소 상태 숙소 위치 가성 숙소 냄새 나다 편의점 여직원 불친절하다 취소 품목 넣다 영수증 직원 교육 제대로 바라다 현관문 오래되다 방음 안되다 커서 모기 들어오다 공항 거리 적당하다 조용하다 쉬다 모기 많다 힘들다 직원 미리 공지 기약 켜다 자다 상비약 다양하다 구비 바람 가성 바다 소리 완벽 노후하다 시설 편의 시설 부족 바다 장점 산책 저녁 늦다 체크 인하다 클레 정도 컨디션 나쁘다 곰팡이 냄새 바다 멀다 방충 욕실 하수 냄새 부모님 모시 고간 여행 죄송스럽다 말다 변경 가능 직원 급하다 오다 급하다 바닥 테이블 닦다 가시다 화나다 전회 응대 직원 직접 오다 친절하다 응대 해주다 참다 직원 친철 숙소 시설 낙후 몇몇 직원 친절 괜찮다 바다 가까이 들어가다 방안 냄새 나다 이틀 냄새 빠지다 이불 청결 상태 안좋다 침대시트 그렇다 추가 이불 받다 누렇 오줌 싸다 빨다 가족 여행 인지 불평 위치 숙박 생각 안드네 인터넷 사진 다르다 아침식사 저렴하다 리조트 오래되다 건물 아주 편안하다 객실 깨끗하다 자다 정돈 되어다 침구 뽀송하다 편안하다 바닷가 아침 등대 산책 직원 친절하다 들어가다 순간 기분 아침 식도 깔끔하다 맛있다 리조트 조식 피크 음식 빠르다 채우다 깨끗하다 관리 보이다 지배인 보이시 레스토랑 구석구석 다니다 체크 고객 챙기다 모습 보이다 객실 업그레이드 받다 한림 여행 오다 방문 첨부 사진 흐리다 객실 찍다 사진 바다 정말 가까이 보이다 직원 친절하다 가성 비도 깔끔하다 직원 친절하다 숙박 상태 직원 친절하다 세월 흔적 조식 뷔페 비비다 코너 카페 판매 메이플 라떼 맛있다 저녁 멀리 나가다 카페 제주 바다 바라보다 와인 말다 여유 보내다 멀다 바다 보이다 오션 많다 리조트 그냥 눈얖 바다 바람 시원하다 창문 열다 밤새 파도 소리 자장가 삼다 들다 휴식 직원 친절하다 객실 오래되다 깨끗하다 청결 상태 아주 그리다 로비 특산 코너 시장 공항 가격 착하다 다양하다 제품 많다 일행 득템 라며 잔뜩 구입 개인 생각 가성 리조트 이구 여행 오다 머물다 싶다 정감 숙소 직원 친절하다 주변 한적하다 경치 세탁실 카운터 직원 굉장하다 친절하다 가격 대비 넓다 방이 화장실 이용 편리하다 내일 추가 출장 급하다 잡히다 일전 덕분 예약 서비스 편안하다 휴식 바다 풍경 시설 정비 필요 프론트 직원 친절하다 숙소 오래되다 인지 들어가다 냄새 나다 숙소 시설 돼다 깨끗하다 사용 편리하다 침대 침구 깔다 끄다 편안하다 숙소 시설 돼다 깨끗하다 사용 편리하다 침대 침구 깔다 끄다 편안하다 가격 대비 바닷가 보이 한적하다 무제한 바베큐 주변 먹다 구입 가져가다 청결하다 직원 친절하다 조식 시설 노후 청결하다 직원 정말 친절하다 잠자리 편하다 깨끗하다 조식 맛있다 들리다 싶다 숙소 시설 써비 대비 가격 넘다 착하다 화장실 개다 평수 넓다 가족 지내다 조식 가능하다 수학여행 위주 학생 단체 숙박 행위 학생 인하다 실내 담배 연기 불편하다 숙소 신식 침대 온돌방 편하다 쉬다 오다 침대 넓다 푹신하다 따뜻하다 전망 직원 친절하다 손편지 써주다 감동 식기 깨끗하다 후라이팬 교체 회장 실문 자다 닫다 열기 힘들다 난방 위치 잠자리 해안가 왼쪽 한림읍 오른쪽 애월읍 가깝다 중문 여행 수월하다 세탁실 별도 장기 숙박 세탁 차로 정도 코인 세탁실 사용 전체 초입 부분 길이 어둡다 자칫 다니다 쉬움 저렴하다 난방 자다 괜찮다 기본 시설 기대하다 말다 노후 관리 안되다 직원 친절하다 돼다 그렇다 시설 잠자리 한편 침대 물건 핸드폰 시계 자리 불편하다 접근성 넓다 화장실 변기 청소 제대로 되어다 나머지 그냥 간단하다 먹기 에어컨 세다 거실 고여 젖다 가격 대비 예약 현지 인기 서비스 아쉬움 위치 시설 보수 가성 객실 상태 개선 필요 침대 침구 보수 교환 리조트 위치 객실 청소 제대로 되어다 더러 위치 바닷가 한적하다 소음 적다 전반 오래되다 시설 사용 불편하다
30,리조트 금호 제주 리조트,위치 오션 가족 편안하다 휴식 취하 오다 감사하다 가격 대비 넓다 쓸다 위치 서귀포 시내 떨어지다 전체 낡다 느낌 침대 괜찮다 이불 얇다 불편하다 리조트 오다 길이 산책 침구 오래되다 뽀송하다 위치 환경 바닥 청소 이브자리 좀더 청결하다 바라다 저녁 식사 시설 부족 인원 감안 적절하다 객실 배치 해주다 크다 안경 승지 조식 주다 먹기 아깝다 청결 측면 먼지 많다 화장실 냄새 나서다 별로 에어컨 곰팡이 냄새 심각하다 서비스 측면 웃다 응대 해주다 보기 어렵다 친절하다 느낌 전혀 평수 넓다 바다 보이다 조식 한식 양식 적절하다 잇다 오래되다 건물 방음 전혀 안되다 화장실 녹슬다 오래되다 좁다 가족 미안하다 정도 수건 냄새 나서다 교체 어메니티 향기 관련 플레인 들어오다 교체 아예 없앳다 고함 위치 괜찮다 가족 여행 숙소 내부 시설 낡다 감안 청결 컨디션 직원 굿굿 젊다 직원 친절하다 센스 반하다 관리자 보이다 스럽다 작성 내용
31,리조트 제주 마레보 리조트,객실 상태 위치 아주 차량 뚜벅 들다 느긋하다 여행객 추천 애월쪽 차량 불편하다 리조트 거리 버스정류장 버스 타고 정거 마트 가요 담해 변도 걸리다 느긋하다 여행 추천 늦다 도착 하루 리조트 야경 아침 느긋하다 해안 도로 따르다 걷다 김만복 김밥 점심 먹다 버스 타고 정거장 가다 해변 보고 오다 숙소 오니 쉬다 노을 침대 푹신하다 잠들다 비밀 정문 정원 정말 예쁘다 불빛 설치 분위기 테라스 맥주 말다 와우 룸서비스 치킨 치킨 혜자 치킨 양념 소스 직접 만들다 직원 센스 카페 커피 얼음 필요하다 카페 살리다 센스 직원 담다 주심 보고 그냥 얼음 달라 투숙 직원 이름 외우다 둘걸 편의점 종류 다양하다 가격 시중 편의점 쎄다 급하다 리조트 편의점 이용 여유 정문 정도 걸다 내려가다 편의점 투썸 스벅 가시다 추천 깨끗하다 라면 리조트 객실 냉장고 투숙 남다 일회용 양념 어매니티 샴푸 바디 워시 리조트 편의점 일회용 린스 칫솔 사다 미리 준비 가성 정도 훌륭하다 기대 침구 깨끗하다 편안하다 자다 자다 직원 친절하다 자다 쉬다 차다 룸서비스 치킨 요기 은근 치킨 맛집 전체 전망 침대 코르 사람 표정 대면 조용하다 청결하다 가성 난방 화장실 가족 가도 편하다 실내 슬리퍼 객실 소음 들다 가격 대비 잠자리 조식 레스토랑 서비스 주변 풍경 산책 코스 자다 꾸미다 수영장 많다 개선 필요하다 보이다 외부 인원 제한 장바닥 투숙 요금 지불 동네 수영장 기분 코로나 때문 이유 수영장 관리자 방송 주다 행위 강제 휴식 흐름 끊기다 단점 가성 비다 괜찮다 아래층 편의점 편리하다 가격 비싸다 자다 이용 전체 만족하다 바닥 먼지 심하다 찝찝하다 그냥 무난 비다 공간 적다 나오다 지내다 답답하다 침대 편하다 니아 넓다 수영장 장점 코로나 때문 이용 숙소 이불 곰팡이 부분 조식 특별하다 먹다 음식 가성 이불 청결 상태 가성 가격 정도 숙소 머무르다 대박 제주도 게스트 하우스 나다 바다 전망 객실 정말 리조트 수영장 이용 설치 매립 수영장 지나다 보기 아주 조식 코로나 때문 뷔페 가지 버전 식사 먹다 정성스럽다 식사 먹다 감사하다 느끼다 자다 지내다 제주도 갈다 방문 싶다 세면대 주변 청결하다 해주시 작다 침실 창문 답답하다 아주 쾌적하다 위치 수영장 로비 입구 해외 이뻣다 정원 야자수 멋지다 야자수 바다 하늘 제주도 아름답다 해안 도로 주변 아주 만족하다 조식 메뉴 객실 간단하다 취사 가능하다 리조트 수영장 사용 괜찮다 대부분 청결하다 발코니 블라인드 먼지 생각 쌓이다 부분 닿다 한번 닦다 위치 아늑하다 깨끗하다 가격 대비 서비스 유료 수영장 납득 안되다 겨울 조용하다 수영장 바다 괜찮다 베개 낮다 히노끼 검다 곰팡이 욕실 여기저기 곰팡이 크게 만들다 마레 치킨 먹다 형편 놀래다 편의점 언니 닭꼬치 싸다 그거 똑같다 그렇다 아들 먹다 먹다 먹다 괜찮다 리조트 다시다 가다 싶다 잠자리 편하다 아침 일어나서 커튼 열다 바다 정말 가격 비다 별로 호스텔 느낌 바다 가격 받다 이렇다 느낌 거울 스탠드 뭔가 화장 조명 자다 비추다 짝짝이 느낌 제일 싫다 편의점 직원 상주 칫솔 치약 비치 되어다 당황 원래 비치 안되다 편의점 가다 사려 하니 치약 보이다 직원 물어보다 직원 경우 대비 누르다 다르다 누르다 기다리다 오다 알다 아래쪽 치약 크다 사서 돌아오다 직원 편의점 작다 치약 순간 기분 나빠지다 그렇다 점수 주다 싶다 청결하다 높다 리조트 깨끗하다 회용 수세미 행주 만족스럽다 매트리스 스프링 느껴지다 정도 안좋다 여행 다니다 매트리스 고생 처음 허리 아프다 바닥 이불 깔다 사람 별로 굳이 주다 화장실 환풍기 소리 비행기 웅웅웅 꿀잠 포기 방문 의사 주변 경관 수기 숙박 가성 무료 업그레이드 바다 보이 조용하다 전망 예약 바다 전망 변경 해주다 비데 작성 내용
